parent_ticker,parent_cik10,accession,exhibit_year,address_raw,address_type,source_path,parse_confidence,address_note
BABA,0001577552,0000950170-25-090161,2025,"26/F TOWER ONE, TIMES SQUARE, 1 MATHESON STREET, CAUSEWAY BAY K3 00000",principal_office,https://www.sec.gov/cgi-bin/viewer?action=view&cik=0001577552&accession_number=0000950170-25-090161&xbrl_type=r,High,852-2215-5100
PDD,0001737806,0001410578-25-000951,2024,"FIRST FLOOR, 25 ST STEPHEN'S GREEN, DUBLIN 2 L2 D02 XF99, 353 1 5397938",principal_office,https://www.sec.gov/cgi-bin/viewer?action=view&cik=0001737806&accession_number=0001410578-25-000951&xbrl_type=r,High,
NTES,0001110646,0001410578-25-000728,2024,"NETEASE BUILDING, NO. 599 WANGSHANG RD, BINJIANG DISTRICT, HANGZHOU F4 310052, 86 571 8985 3378",principal_office,https://www.sec.gov/cgi-bin/viewer?action=view&cik=0001110646&accession_number=0001410578-25-000728&xbrl_type=r,High,
JD,0001549802,0001193125-25-083473,2024,"20TH FLOOR, BUILDING A, NO. 18 KECHUANG, YIZHUANG BDA, DAXING DISTRICT, BEIJING F4 101111",principal_office,https://www.sec.gov/cgi-bin/viewer?action=view&cik=0001549802&accession_number=0001193125-25-083473&xbrl_type=r,High,86-10-5895-5500
TCOM,0001269238,0001193125-25-078429,2024,"SINGAPORE U0 048622, 6531389736",principal_office,https://www.sec.gov/cgi-bin/viewer?action=view&cik=0001269238&accession_number=0001193125-25-078429&xbrl_type=r,High,"30 RAFFLES PLACE, #29-01"
BIDU,0001329099,0001193125-25-066199,2024,"BAIDU CAMPUS, NO. 10 SHANGDI 10TH STREET, HAIDIAN DISTRICT, BEIJING F4 100085",principal_office,https://www.sec.gov/cgi-bin/viewer?action=view&cik=0001329099&accession_number=0001193125-25-066199&xbrl_type=r,High,(86-10) 5992 8888
LI,0001791706,0001410578-25-000678,2024,"11 WENLIANG STREET, SHUNYI DISTRICT, BEIJING F4 101399, 861087427209",principal_office,https://www.sec.gov/cgi-bin/viewer?action=view&cik=0001791706&accession_number=0001410578-25-000678&xbrl_type=r,High,
BEKE,0001809587,0001410578-25-000783,2024,"ORIENTAL ELECTRONIC TECHNOLOGY BUILDING, NO. 2 CHUANGYE ROAD, HAIDIAN DISTRICT, BEIJING F4 100086, 861058104689",principal_office,https://www.sec.gov/cgi-bin/viewer?action=view&cik=0001809587&accession_number=0001410578-25-000783&xbrl_type=r,High,
ONC,0001651308,,,,other,https://www.sec.gov/cgi-bin/browse-edgar?CIK=0001651308&action=filing,Low,
TME,0001744676,0000950170-25-056949,2024,"UNIT 3, BUILDING D, KEXING SCIENCE PARK, KEJIZHONGSAN AVENUE, HI-TECH PARK, NANSHAN DISTRICT, SHENZHEN F4 518057, 86 755 86013388",principal_office,https://www.sec.gov/cgi-bin/viewer?action=view&cik=0001744676&accession_number=0000950170-25-056949&xbrl_type=r,High,
XPEV,0001810997,0001193125-25-082001,2024,"NO. 8 SONGGANG ROAD, CHANGXING STREET, CENCUN, TIANHE DISTRICT, GUANGZHOU, GUANGDONG F4 510640",principal_office,https://www.sec.gov/cgi-bin/viewer?action=view&cik=0001810997&accession_number=0001193125-25-082001&xbrl_type=r,High,86-020-6680-6680
YUMC,0001673358,,,,other,https://www.sec.gov/cgi-bin/browse-edgar?CIK=0001673358&action=filing,Low,
ZTO,0001677250,0001410578-25-000774,2024,"BUILDING ONE, NO. 1685 HUAZHI ROAD, QINGPU DISTRICT, SHANGHAI F4 201708, 8621 59139988",principal_office,https://www.sec.gov/cgi-bin/viewer?action=view&cik=0001677250&accession_number=0001410578-25-000774&xbrl_type=r,High,
YMM,0001838413,0001193125-25-079553,2024,"BUILDING #3, WANBO R&D PARK, 20 FENGXIN ROAD, YUHUATAI DISTRICT, NANJING, JIANGSU PROVINCE F4 210012",principal_office,https://www.sec.gov/cgi-bin/viewer?action=view&cik=0001838413&accession_number=0001193125-25-079553&xbrl_type=r,High,86-025-66920156
HTHT,0001483994,0001410578-25-000900,2024,"NO. 1299 FENGHUA ROAD, JIADING DISTRICT, SHANGHAI F4 00000",principal_office,https://www.sec.gov/cgi-bin/viewer?action=view&cik=0001483994&accession_number=0001410578-25-000900&xbrl_type=r,High,86 21 6195-2011
BILI,0001723690,0001193125-25-061847,2024,"17TH FLOOR, BUILDING 3, GUOZHENG CENTER, NO. 485 ZHENGLI ROAD, YANGPU DISTRICT, SHANGHAI F4 200433",principal_office,https://www.sec.gov/cgi-bin/viewer?action=view&cik=0001723690&accession_number=0001193125-25-061847&xbrl_type=r,High,86-21-25099255
NIO,0001736541,0001410578-25-000661,2024,"BUILDING 19, NO. 1355, CAOBAO ROAD, MINHANG DISTRICT, SHANGHAI F4 200233",principal_office,https://www.sec.gov/cgi-bin/viewer?action=view&cik=0001736541&accession_number=0001410578-25-000661&xbrl_type=r,High,(86)(21) 69082018
TAL,0001499620,0001410578-25-001415,2025,"4/F, TAL BUILDING NO.1, COURTYARD NO. 9, QIXIN MIDDLE STREET, CHANGPING DISTRICT, Beijing F4 102206",principal_office,https://www.sec.gov/cgi-bin/viewer?action=view&cik=0001499620&accession_number=0001410578-25-001415&xbrl_type=r,High,86 (10) 5292-6669
EDU,0001372920,0001193125-25-216394,2025,"NO. 6 HAI DIAN ZHONG STREET, 9TH FLOOR, BEIJING",principal_office,https://www.sec.gov/cgi-bin/viewer?action=view&cik=0001372920&accession_number=0001193125-25-216394&xbrl_type=r,High,(86-10) 6260-5566
ZK,0001954042,0001410578-25-000390,2024,"RM2301 BLDG1, DADAO WANGCHAO SHANGWU CTR, YINGFENG ST, XIAOSHAN DISTRICT, HANGZHOU, ZHEJIANG PROVINCE F4 00000, 86 400 003 6036",principal_office,https://www.sec.gov/cgi-bin/viewer?action=view&cik=0001954042&accession_number=0001410578-25-000390&xbrl_type=r,High,
BZ,0001842827,0001410578-25-000682,2024,"GRANDYVIC BLDG, TAIYANGGONG MID RD, CHAOYANG DIST, BEIJING F4 100020",principal_office,https://www.sec.gov/cgi-bin/viewer?action=view&cik=0001842827&accession_number=0001410578-25-000682&xbrl_type=r,High,86-10-8415-0633
GDS,0001526125,0001410578-25-000935,2024,"F4/F5, BUILDING C, SUNLAND INTERNATIONAL, NO. 999 ZHOUHAI ROAD, PUDONG,, SHANGHAI F4 200137",principal_office,https://www.sec.gov/cgi-bin/viewer?action=view&cik=0001526125&accession_number=0001410578-25-000935&xbrl_type=r,High,86-21-2029-2200
QFIN,0001741530,0001410578-25-000441,2024,"7/F LUJIAZUI FINANCE PLAZA, NO. 1217 DONGFANG ROAD, PUDONG NEW AREA, SHANGHAI F4 200122, 862161516360",principal_office,https://www.sec.gov/cgi-bin/viewer?action=view&cik=0001741530&accession_number=0001410578-25-000441&xbrl_type=r,High,
MNSO,0001815846,0001410578-25-000858,2024,"8F, M PLAZA, NO. 109, PAZHOU AVENUE, HAIZHU DISTRICT, GUANGZHOU 510000, GUANGDONG PROVINCE F4 510000, 862036228788",principal_office,https://www.sec.gov/cgi-bin/viewer?action=view&cik=0001815846&accession_number=0001410578-25-000858&xbrl_type=r,High,
PONY,0001969302,0001410578-25-000895,2024,"1301 PEARL DEVELOPMENT BUILDING 1, MINGZHU 1ST ST, HENGLI TWN, NANSHA DIST, GUANGZHOU F4 511458",principal_office,https://www.sec.gov/cgi-bin/viewer?action=view&cik=0001969302&accession_number=0001410578-25-000895&xbrl_type=r,High,86 020-3466 7656
WRD,0001867729,0001193125-25-062519,2024,"21ST FL, TOWER A, NO. 51, XINGJI 1ST RD, GUANZHOU LIFE SCIENCE CENTER, GUANZHOU F4 510300, 86 150 1055 1533",principal_office,https://www.sec.gov/cgi-bin/viewer?action=view&cik=0001867729&accession_number=0001193125-25-062519&xbrl_type=r,High,
KC,0001795589,0001410578-25-000732,2024,"KINGSOFT TOWER, NO. 33 XIAO YING WEST ROAD, HAIDIAN DISTRICT, BEIJING F4 00000, 86 10 8232 5655",principal_office,https://www.sec.gov/cgi-bin/viewer?action=view&cik=0001795589&accession_number=0001410578-25-000732&xbrl_type=r,High,
ATAT,0001853717,0001410578-25-000890,2024,"18TH FLOOR, WUZHONG BUILDING, 618 WUZHONG ROAD, MINHANG DISTRICT, SHANGHAI F4 00000",principal_office,https://www.sec.gov/cgi-bin/viewer?action=view&cik=0001853717&accession_number=0001410578-25-000890&xbrl_type=r,High,(86) 021-64059928
ZLAB,0001704292,0001564590-20-019745,2019,"4560 JINKE ROAD, BLDG. 1, 4F, PUDONG, SHANGHAI F4 201210, 862161632588",principal_office,https://www.sec.gov/cgi-bin/viewer?action=view&cik=0001704292&accession_number=0001564590-20-019745&xbrl_type=r,High,
ATHM,0001527636,0000950170-25-053940,2024,"18TH FLOOR TOWER B, CEC PLAZA, 3 Dan Ling Street, Haidian District, Beijin F4 100080, 8610 5985 7001",principal_office,https://www.sec.gov/cgi-bin/viewer?action=view&cik=0001527636&accession_number=0000950170-25-053940&xbrl_type=r,High,
VNET,0001508475,0001410578-25-000905,2024,"GUANJIE BUILDING, SOUTHEAST 1ST FLOOR, 10# JIUXIANQIAO EAST ROAD, Beijing F4 100016",principal_office,https://www.sec.gov/cgi-bin/viewer?action=view&cik=0001508475&accession_number=0001410578-25-000905&xbrl_type=r,High,(86 10) 8456-2121
HCM,0001648257,0001410578-25-000377,2024,"48TH FLOOR, CHEUNG KONG CENTER, 2 QUEEN'S ROAD CENTRAL, HONG KONG K3 00000",principal_office,https://www.sec.gov/cgi-bin/viewer?action=view&cik=0001648257&accession_number=0001410578-25-000377&xbrl_type=r,High,852-2121-3888
TUYA,0001829118,0001410578-25-000850,2024,"HUACE CENTER, XIHU DISTRICT, HANGZHOU F4 00000, 86 0571 8691 5981",principal_office,https://www.sec.gov/cgi-bin/viewer?action=view&cik=0001829118&accession_number=0001410578-25-000850&xbrl_type=r,High,"FLOOR 7-12, BLOCK A"
LU,0001816007,0001193125-24-106025,2023,"BUILDING NO. 6, LANE 2777 JINXIU EAST RD, PUDONG NEW DISTRICT, SHANGHAI F4 200120",principal_office,https://www.sec.gov/cgi-bin/viewer?action=view&cik=0001816007&accession_number=0001193125-24-106025&xbrl_type=r,High,86-2138632121
WB,0001595761,0001410578-25-000730,2024,"8/F, QIHAO PLAZA, NO. 8 XINYUAN S. ROAD,, CHAOYANG DISTRICT, BEIJING F4 100027",principal_office,https://www.sec.gov/cgi-bin/viewer?action=view&cik=0001595761&accession_number=0001410578-25-000730&xbrl_type=r,High,86 10 6061-8000
YY,PENDING,,,,other,,Low,
IQ,0001722608,0000950170-25-045691,2024,"3/F, IQIYI YOUTH CENTER YOOLEE PLAZA, NO. 21, NORTH ROAD OF WORKERS STADIUM, CHAOYANG DISTRICT BEIJING F4 100027, 861062677171",principal_office,https://www.sec.gov/cgi-bin/viewer?action=view&cik=0001722608&accession_number=0000950170-25-045691&xbrl_type=r,High,
HSAI,0001861737,0001410578-25-000614,2024,"1588 ZHUGUANG ROAD, SHANGHAI F4 201702, 86 21 31588240",principal_office,https://www.sec.gov/cgi-bin/viewer?action=view&cik=0001861737&accession_number=0001410578-25-000614&xbrl_type=r,High,"9TH FLOOR, BUILDING L2-B"
FINV,0001691445,0001641172-25-005409,2024,"BUILDING G1, NO. 999 DANGUI ROAD, PUDONG NEW DISTRICT, SHANGHAI F4 201203",principal_office,https://www.sec.gov/cgi-bin/viewer?action=view&cik=0001691445&accession_number=0001641172-25-005409&xbrl_type=r,High,86 21 80303200-8601
LZMH,0001967397,0001213900-25-055265,2024,"SIMING DISTRICT, XIAMEN, FUJIAN F4 361008",principal_office,https://www.sec.gov/cgi-bin/viewer?action=view&cik=0001967397&accession_number=0001213900-25-055265&xbrl_type=r,High,0592-2950080
AAPG,0002023311,0001213900-25-032599,2024,"68 XINQING ROAD, SUZHOU INDUSTRIAL PARK, SUZHOU , JIANGSU F4 00000, 86 512 8555 7777",principal_office,https://www.sec.gov/cgi-bin/viewer?action=view&cik=0002023311&accession_number=0001213900-25-032599&xbrl_type=r,High,
ACMR,0001680062,,,,other,https://www.sec.gov/cgi-bin/browse-edgar?CIK=0001680062&action=filing,Low,
LX,0001708259,0000950170-25-055749,2024,"27/F, CES TOWER, 3099 KE YUAN SOUTH ROAD, NANSHAN DISTRICT, SHENZHEN F4 518000, 8675533688788",principal_office,https://www.sec.gov/cgi-bin/viewer?action=view&cik=0001708259&accession_number=0000950170-25-055749&xbrl_type=r,High,
EH,0001759783,0001193125-25-080649,2024,"BUILDING #C, YIXIANG TECHNOLOGY PARK, NO.72, NANXIANG 2ND ROAD, GUANGZHOU F4 510700, 8602029028899",principal_office,https://www.sec.gov/cgi-bin/viewer?action=view&cik=0001759783&accession_number=0001193125-25-080649&xbrl_type=r,High,
TIGR,0001756699,0000950170-25-056953,2024,"18F,NO.16 TAIYANGGONG RD,CHAOYANG DIST., BEIJING F4 100020",principal_office,https://www.sec.gov/cgi-bin/viewer?action=view&cik=0001756699&accession_number=0000950170-25-056953&xbrl_type=r,High,86-10-56216660
MOMO,0001610601,0001193125-25-098265,2024,"20/F, BLOCK B, TOWER 2, WANGJING SOHO, NO.1 FUTONGDONG STREET,CHAOYANG DISTRICT, BEIJING F4 100102, 861057310567",principal_office,https://www.sec.gov/cgi-bin/viewer?action=view&cik=0001610601&accession_number=0001193125-25-098265&xbrl_type=r,High,
DQ,0001477641,0001410578-25-000968,2024,"666 LONGDU AVENUE, WANZHOU, CHONGQING",principal_office,https://www.sec.gov/cgi-bin/viewer?action=view&cik=0001477641&accession_number=0001410578-25-000968&xbrl_type=r,High,(86-23) 6486-6666
JKS,0001481513,0001410578-25-000970,2024,"1 YINGBIN ROAD, SHANGRAO ECONOMIC DEVELOPMENT ZONE, JIANGXI PROVINCE F4 334100",principal_office,https://www.sec.gov/cgi-bin/viewer?action=view&cik=0001481513&accession_number=0001410578-25-000970&xbrl_type=r,High,(86-793)858-8188
BGM,0001779578,0001410578-25-000056,2024,"NO. 152 HONGLIANG EAST 1ST STREET, NO. 1703, TIANFU NEW DISTRICT, CHENGDU F4 610200",principal_office,https://www.sec.gov/cgi-bin/viewer?action=view&cik=0001779578&accession_number=0001410578-25-000056&xbrl_type=r,High,86-028-64775180
HUYA,0001728190,0001410578-25-000781,2024,"PANYU DISTRICT, GUANGZHOU F4 511446",principal_office,https://www.sec.gov/cgi-bin/viewer?action=view&cik=0001728190&accession_number=0001410578-25-000781&xbrl_type=r,High,(86)(20)22907829
GOTU,0001768259,0000950170-25-056468,2024,"5F, GIENTECH BUILDING, 17 EAST ZONE, 10 XIBEIWANG EAST ROAD, HAIDIAN, BEIJING F4 100193, 861082826826",principal_office,https://www.sec.gov/cgi-bin/viewer?action=view&cik=0001768259&accession_number=0000950170-25-056468&xbrl_type=r,High,
NOAH,0001499543,0001410578-25-000852,2024,"NO. 1687 CHANGYANG ROAD, CHANGYANG VALLEY, BUILDING 2, SHANGHAI F4 200090",principal_office,https://www.sec.gov/cgi-bin/viewer?action=view&cik=0001499543&accession_number=0001410578-25-000852&xbrl_type=r,High,(86-21) 8035-9221
UXIN,0001729173,0001641172-25-006780,2024,"NO.8 GUANGSHUN S AVENUE, CHAOYANG DISTRI, BEIJING F4 100102, 861056312700",principal_office,https://www.sec.gov/cgi-bin/viewer?action=view&cik=0001729173&accession_number=0001641172-25-006780&xbrl_type=r,High,"2-5/F, TOWER E, LSHM CENTER"
RERE,0001838957,0000950170-25-053014,2024,"12TH FLOOR, NO.6 BUILDING, 433 SONGHU ROAD, SHANGHAI F4 200000, 86 21 52907031",principal_office,https://www.sec.gov/cgi-bin/viewer?action=view&cik=0001838957&accession_number=0000950170-25-053014&xbrl_type=r,High,
MSC,0001713334,0001193125-25-059760,2024,"C/O 38/F, THE CENTRIUM, 60 WYNDHAM STREET, HONG KONG K3 999077, 85225983600",principal_office,https://www.sec.gov/cgi-bin/viewer?action=view&cik=0001713334&accession_number=0001193125-25-059760&xbrl_type=r,High,
DDL,0001854545,0000950170-25-055994,2024,"NO. 6 BUILDING, 500 LANE, SHENGXIA ROAD, SHANGHAI F4 201210, 86 021 68585011",principal_office,https://www.sec.gov/cgi-bin/viewer?action=view&cik=0001854545&accession_number=0000950170-25-055994&xbrl_type=r,High,
CSIQ,0001375877,0001410578-25-001046,2024,"4273 KING STREET EAST, SUITE 102, KITCHENER A6 N2P 2E9",principal_office,https://www.sec.gov/cgi-bin/viewer?action=view&cik=0001375877&accession_number=0001410578-25-001046&xbrl_type=r,High,519-837-1881
YALA,0001794350,0000950170-25-056954,2024,"#238, BUILDING 16, DUBAI INTERNET CITY, DUBAI C0 00000",principal_office,https://www.sec.gov/cgi-bin/viewer?action=view&cik=0001794350&accession_number=0000950170-25-056954&xbrl_type=r,High,86-571-89807962
GCT,0001857816,0001193125-23-112830,2022,"UNIT A, 12/F, SHUN HO TOWER",principal_office,https://www.sec.gov/cgi-bin/viewer?action=view&cik=0001857816&accession_number=0001193125-23-112830&xbrl_type=r,High,852-23698219
FLX,0001858724,0001641172-25-006073,2024,"BLDG 6, ZHONGGUANCUN DONGSHEN INT SCI PK, NO.1 YONGTAIZHUANG NORTH HAIDAN DISTRICT, BEIJING F4 100192, 861062923966",principal_office,https://www.sec.gov/cgi-bin/viewer?action=view&cik=0001858724&accession_number=0001641172-25-006073&xbrl_type=r,High,
YRD,0001631761,0001410578-25-000931,2024,"10/F, BUILDING 9, 91 JIANGUO ROAD, CHAOYANG DISTRICT, BEIJING F4 100022",principal_office,https://www.sec.gov/cgi-bin/viewer?action=view&cik=0001631761&accession_number=0001410578-25-000931&xbrl_type=r,High,86-10-5236-1830
ZKH,0001862044,0001410578-25-000779,2024,"7/F, TOWER 4, LIBAO PLAZA, NO. 36 SHENBIN ROAD, MINHANG DISTRICT, SHANGHAI F4 201106, 86 21 50809696",principal_office,https://www.sec.gov/cgi-bin/viewer?action=view&cik=0001862044&accession_number=0001410578-25-000779&xbrl_type=r,High,
XYF,0001725033,0001410578-25-000892,2024,"NO. 168 HAIDE THIRD AVENUE, NANSHAN DIST, SHENZHEN F4 518067",principal_office,https://www.sec.gov/cgi-bin/viewer?action=view&cik=0001725033&accession_number=0001410578-25-000892&xbrl_type=r,High,86-0755-86282977
AHG,0001702318,0001213900-25-076862,2025,"NO. 44 MOSCOW RD QIANWAN BONDED PORT ARE, QINGDAO PILOT FREE TRADE ZONE F4 0000, 86 152 1005 4919",principal_office,https://www.sec.gov/cgi-bin/viewer?action=view&cik=0001702318&accession_number=0001213900-25-076862&xbrl_type=r,High,RM 8201-4-4(A) 2ND FLOOR QIANTONGYUA BLD
QD,0001692705,0001410578-25-000822,2024,"BUILDING 1, QUDIAN INNOVATION PARK, MEILIN STREET, TONGAN DISTRICT, XIAMEN, FUJIAN PROVINCE F4 361100",principal_office,https://www.sec.gov/cgi-bin/viewer?action=view&cik=0001692705&accession_number=0001410578-25-000822&xbrl_type=r,High,86-592-5968208
JFIN,0001743102,0000950170-25-058942,2024,"26TH FLOOR,BUILDING NO.1,YOUYOU CENTURY, PLAZA,428 SOUTH YANGGAO ROAD,PUDONG, SHANGHAI F4 200122, 86 2160828732",principal_office,https://www.sec.gov/cgi-bin/viewer?action=view&cik=0001743102&accession_number=0000950170-25-058942&xbrl_type=r,High,
WYHG,0001999860,0001213900-25-037724,2024,"NO.9, GUANXIAN NORTH RD, HUANGPU TOWN, ZHONGSHAN CITY F4 528429",principal_office,https://www.sec.gov/cgi-bin/viewer?action=view&cik=0001999860&accession_number=0001213900-25-037724&xbrl_type=r,High,(86)76023215457
ZH,0001835724,0001410578-25-000729,2024,"18 XUEQING ROAD, HAIDIAN DISTRICT, BEIJING F4 100083, 86 10 82716605",principal_office,https://www.sec.gov/cgi-bin/viewer?action=view&cik=0001835724&accession_number=0001410578-25-000729&xbrl_type=r,High,
DADA,PENDING,,,,other,,Low,
SOHU,0001734107,0001193125-25-053425,2024,"LEVEL 18, SOHU.COM MEDIA PLAZA, BLOCK 3, NO. 2 KEXUEYUAN S. RD., HAIDIAN DISTRICT, BEIJING F4 100190",principal_office,https://www.sec.gov/cgi-bin/viewer?action=view&cik=0001734107&accession_number=0001193125-25-053425&xbrl_type=r,High,86-10-6272-6666
WDH,0001823986,0001410578-25-000891,2024,"BLOCK C, WANGJING SCIENCE PARK, NO. 2 LIZE ZHONGER ROAD, CHAOYANG, BEIJING F4 100102, 861053394997",principal_office,https://www.sec.gov/cgi-bin/viewer?action=view&cik=0001823986&accession_number=0001410578-25-000891&xbrl_type=r,High,
CAN,0001780652,0001410578-25-000805,2024,"28 AYER RAJAH CRESCENT, SINGAPORE U0 139959, 65 6305 6618",principal_office,https://www.sec.gov/cgi-bin/viewer?action=view&cik=0001780652&accession_number=0001410578-25-000805&xbrl_type=r,High,#06-08
AAM,0002012964,,,,other,https://www.sec.gov/cgi-bin/browse-edgar?CIK=0002012964&action=filing,Low,
YSG,0001819580,0000950170-25-056464,2024,"NO.23 EAST XUANYUE STREET, GUANGZHOU F4 510330, 86 20 38373543",principal_office,https://www.sec.gov/cgi-bin/viewer?action=view&cik=0001819580&accession_number=0000950170-25-056464&xbrl_type=r,High,"32-35, 38/F, POLY MIDTOWN PLAZA"
DOGZ,0001707303,0001493152-25-018363,2025,"NO. 16 N. DONGKE ROAD, TONGSHA INDUSTRIAL ZONE, DONGGUAN, GUANGDONG, 86 769 88753300",principal_office,https://www.sec.gov/cgi-bin/viewer?action=view&cik=0001707303&accession_number=0001493152-25-018363&xbrl_type=r,High,
CANG,0001725123,0001410578-25-000492,2024,"8F, NEW BUND ORIENTAL PLAZA II, 556 WEST HAIYANG ROAD, PUDONG, SHANGHAI F4 200127",principal_office,https://www.sec.gov/cgi-bin/viewer?action=view&cik=0001725123&accession_number=0001410578-25-000492&xbrl_type=r,High,86-21-3183-0016
JYD,0001938186,0001213900-25-034179,2024,"4TH FLOOR, BUILDING 4, SHATOUJIAO FTZ, SHENYAN ROAD, YANTIAN DISTRICT, SHENZHEN F4 518000",principal_office,https://www.sec.gov/cgi-bin/viewer?action=view&cik=0001938186&accession_number=0001213900-25-034179&xbrl_type=r,High,(86)15218740808
MFH,0001527762,0001641172-25-007755,2024,"ROOM 003, FLOOR 15, BUILDING NO.1 B, NO. 38 ZHONGGUANCUN AVENUE, HAIDIAN DISTRICT, BEIJING F4 100086",principal_office,https://www.sec.gov/cgi-bin/viewer?action=view&cik=0001527762&accession_number=0001641172-25-007755&xbrl_type=r,High,(8610) 6266 8858
ZJK,0001941506,0001731122-25-000613,2024,"NO.8 JINGQIANG RD, 138 INDUSTRIAL ZONE, XIUXIN CMTY, KENZI OFC, PS NEW DIST., SHENZHEN F4 518122, 8613682653192",principal_office,https://www.sec.gov/cgi-bin/viewer?action=view&cik=0001941506&accession_number=0001731122-25-000613&xbrl_type=r,High,
EM,0001834253,0001410578-25-000928,2024,"6/F, 799 TIANSHAN W ROAD, CHANGNING DISTRICT, SHANGHAI F4 200335, 86 21 6050 3535",principal_office,https://www.sec.gov/cgi-bin/viewer?action=view&cik=0001834253&accession_number=0001410578-25-000928&xbrl_type=r,High,
XNET,0001510593,0001410578-25-000871,2024,"3709 BAISHI ROAD, NANSHAN DISTRICT, SHENZHEN F4 518000",principal_office,https://www.sec.gov/cgi-bin/viewer?action=view&cik=0001510593&accession_number=0001410578-25-000871&xbrl_type=r,High,86-755 6111-1571
XHG,0001769256,0001213900-25-005499,2024,"ROOM 1607, BUILDING A, NO. 596 MIDDLE LONGHUA ROAD, XUHUI, SHANGHAI F4 200032",principal_office,https://www.sec.gov/cgi-bin/viewer?action=view&cik=0001769256&accession_number=0001213900-25-005499&xbrl_type=r,High,86-21-6417-9625
GHG,0001724755,0001213900-25-037718,2024,"1228 ZHONGSHAN NORTH ROAD, PUTUO DISTRICT, SHANGHAI F4 200065",principal_office,https://www.sec.gov/cgi-bin/viewer?action=view&cik=0001724755&accession_number=0001213900-25-037718&xbrl_type=r,High,86-21-3617-4886
OCFT,0001780531,0001410578-25-000855,2024,"21/24F, PING AN FINANCE CENTER, NO. 5033 YITIAN ROAD, FUTIAN DISTRICT, SHENZHEN, GUANGDONG F4 518000",principal_office,https://www.sec.gov/cgi-bin/viewer?action=view&cik=0001780531&accession_number=0001410578-25-000855&xbrl_type=r,High,86-21-2066-0625
ICG,0001895597,0001193125-25-105589,2024,"BUILDING 16, LANE 999,XINYUAN SOUTH ROAD, LIN-GANG SPECIAL AREA, PUDONG, SHANGHAI F4 201306, 86 021 58961080",principal_office,https://www.sec.gov/cgi-bin/viewer?action=view&cik=0001895597&accession_number=0001193125-25-105589&xbrl_type=r,High,
NAMI,0001967631,0001213900-25-033131,2024,"SHENGYIN BUILDING, SHENGXIA ROAD 666, BUILDING D, FLOOR 8, PUDONG DISTRICT, SHANGHAI F4 201203",principal_office,https://www.sec.gov/cgi-bin/viewer?action=view&cik=0001967631&accession_number=0001213900-25-033131&xbrl_type=r,High,86-21-5058-2081
ZYBT,0001975641,0001213900-25-061202,2024,"NO.1 LIANMENG STREET, JILIN ECONOMIC &, TECHNICAL DEVELOPMENT ZONE, JILIN F4 132101",principal_office,https://www.sec.gov/cgi-bin/viewer?action=view&cik=0001975641&accession_number=0001213900-25-061202&xbrl_type=r,High,86-13844801919
PHH,0001986247,0001213900-25-016603,2024,"NO. 50 XIUXI ROAD, 14F, BUILDING 3, WUXI CITY F4 214135, 864000127562",principal_office,https://www.sec.gov/cgi-bin/viewer?action=view&cik=0001986247&accession_number=0001213900-25-016603&xbrl_type=r,High,
BZUN,0001625414,0001410578-25-000824,2024,"JING'AN DISTRICT, SHANGHAI F4 200436",principal_office,https://www.sec.gov/cgi-bin/viewer?action=view&cik=0001625414&accession_number=0001410578-25-000824&xbrl_type=r,High,(86-21) 60809991
NIU,0001744781,0001410578-25-000798,2024,"NO.1 BLDG., NO. 195 HUILONGGUAN EAST RD., CHANGPING DISTRICT, BEIJING F4 102208, 861064321899",principal_office,https://www.sec.gov/cgi-bin/viewer?action=view&cik=0001744781&accession_number=0001410578-25-000798&xbrl_type=r,High,
NTCL,0001927578,0001410578-25-000153,2024,"6F BUILDING A, 1188 WAN RONG ROAD, SHANGHAI F4 200436, 02161806588",principal_office,https://www.sec.gov/cgi-bin/viewer?action=view&cik=0001927578&accession_number=0001410578-25-000153&xbrl_type=r,High,
HCAI,0001958399,0001213900-25-044209,2024,"NO.1018 HAIHE ROAD, DUSHANGANG TOWN, PINGHU CITY, JIAXING, ZHEJIANG PROVINCE, JIAXING 314205, 86 68368658",principal_office,https://www.sec.gov/cgi-bin/viewer?action=view&cik=0001958399&accession_number=0001213900-25-044209&xbrl_type=r,High,
CMCM,0001597835,0000950170-25-053935,2024,"BLDG NO.11, WANDONG SCIENCE & TECHNOLOGY, CULTURAL PARK, NO.7 SANJIANFANGNANLI, CHAOYANG DISTRICT, BEIJING F4 100024, 86 10 6292 7779",principal_office,https://www.sec.gov/cgi-bin/viewer?action=view&cik=0001597835&accession_number=0000950170-25-053935&xbrl_type=r,High,
TOUR,0001597095,0001410578-25-000777,2024,"NO. 108 XUANWUDADAO, XUANWU DISTRICT, NANJING F4 210023, 86 25 86853969",principal_office,https://www.sec.gov/cgi-bin/viewer?action=view&cik=0001597095&accession_number=0001410578-25-000777&xbrl_type=r,High,"6, 8-12TH FLOOR, BUILDING 6-A, JUHUIYUAN"
KNDI,0001720250,0001213900-25-036190,2024,,other,https://www.sec.gov/cgi-bin/viewer?action=view&cik=0001720250&accession_number=0001213900-25-036190&xbrl_type=r,Low,
CAAS,0002037400,,,,other,https://www.sec.gov/cgi-bin/browse-edgar?CIK=0002037400&action=filing,Low,
QH,0001781193,0001410578-25-001049,2024,"3RD FLOOR, BLOCK D, TONGHUI BUILDING, NO. 1132 HUIHE SOUTH STREET, BEIJING F4 100020, 00861053318747",principal_office,https://www.sec.gov/cgi-bin/viewer?action=view&cik=0001781193&accession_number=0001410578-25-001049&xbrl_type=r,High,
QSG,0001932770,0001213900-25-104390,2025,"2/F, BUILDING D, RONSIN TECHNOLOGY CENTER, CHAOYANG DISTRICT, BEIJING F4 100102, 86 10 64937857",principal_office,https://www.sec.gov/cgi-bin/viewer?action=view&cik=0001932770&accession_number=0001213900-25-104390&xbrl_type=r,High,
ZJYL,0001837821,0001213900-25-006519,2024,"NO. 33 LINGXIANG ROAD, WUJIN DISTRICT, CHANGZHOU CITY, JIANGSU PROVINCE F4 213149",principal_office,https://www.sec.gov/cgi-bin/viewer?action=view&cik=0001837821&accession_number=0001213900-25-006519&xbrl_type=r,High,(86)51989607972
NCTY,0001296774,0001410578-25-000945,2024,"17 FLOOR, NO. 130 WU SONG ROAD,, HONG KOU DISTRICT, SHANGHAI F4 200080",principal_office,https://www.sec.gov/cgi-bin/viewer?action=view&cik=0001296774&accession_number=0001410578-25-000945&xbrl_type=r,High,(86) 21 - 5172 9999
COE,0001659494,0001410578-25-000918,2024,SINGAPORE U0 048621,principal_office,https://www.sec.gov/cgi-bin/viewer?action=view&cik=0001659494&accession_number=0001410578-25-000918&xbrl_type=r,High,8610-56928909
IH,0001814423,0001410578-25-000944,2024,"FLOOR 8, BUILDING 2,, NO.1 WANGJING EAST RD, CHAOYANG DISTRICT, BEIJING F4 100102",principal_office,https://www.sec.gov/cgi-bin/viewer?action=view&cik=0001814423&accession_number=0001410578-25-000944&xbrl_type=r,High,86-10-5780-6636
VIOT,0001742770,0001104659-25-094717,2024,"WANSHENG SQUARE, RM 1302 TOWER C, XINGANG EAST ROAD, HAIZHU DISTRICT, GUANGZHOU, GUANGDONG 510200",principal_office,https://www.sec.gov/cgi-bin/viewer?action=view&cik=0001742770&accession_number=0001104659-25-094717&xbrl_type=r,High,86-75766833887
EPWK,0001900720,,,,other,https://www.sec.gov/cgi-bin/browse-edgar?CIK=0001900720&action=filing,Low,
THCH,0001877333,0001213900-25-044150,2024,"C/O CARTESIAN CAPITAL GROUP LLC, 505 5TH AVENUE, 15TH FLOOR, NEW YORK NY 10017",principal_office,https://www.sec.gov/cgi-bin/viewer?action=view&cik=0001877333&accession_number=0001213900-25-044150&xbrl_type=r,High,(1) 917 294 1353
GLAC,PENDING,,,,other,,Low,
PAVS,0001751876,0001929980-25-000590,2025,"NO. 11, DONGJIAO EAST ROAD, SHUANGXI, SHUNCHANG, NANPING F4 353001",principal_office,https://www.sec.gov/cgi-bin/viewer?action=view&cik=0001751876&accession_number=0001929980-25-000590&xbrl_type=r,High,516-951-9074
,PENDING,,,,other,,Low,
LUD,0001984124,0001213900-25-037162,2024,"UNIT H, 13/F, KAISER ESTATE PHASE 2, HUNG HOM, KOWLOON K3 999077, 852 2994 8774",principal_office,https://www.sec.gov/cgi-bin/viewer?action=view&cik=0001984124&accession_number=0001213900-25-037162&xbrl_type=r,High,47-53 MAN YUE STREET
SY,0001758530,0001410578-25-000800,2024,"CHAOYANG DISTRICT, BEIJING F4 100102, 00861057076564",principal_office,https://www.sec.gov/cgi-bin/viewer?action=view&cik=0001758530&accession_number=0001410578-25-000800&xbrl_type=r,High,"3/F, WANGJING SOHO-TOWER 3A"
HUHU,0001945415,0001213900-25-036389,2024,"WUXI, JIANGSU F4 214135, 051088681689",principal_office,https://www.sec.gov/cgi-bin/viewer?action=view&cik=0001945415&accession_number=0001213900-25-036389&xbrl_type=r,High,3-1208 TIANANZHIHUI COMPOUND
ADAG,0001818838,0001410578-25-000419,2024,"4F, BUILDING C14, NO. 218, XINGHU STREET, SUZHOU INDUSTRIAL PARK, JIANGSU F4 00000",principal_office,https://www.sec.gov/cgi-bin/viewer?action=view&cik=0001818838&accession_number=0001410578-25-000419&xbrl_type=r,High,86-512-87773632
CCG,0001965473,0001641172-25-005406,2024,"8TH FLOOR, DESHENG HESHENG FORTUNE PLAZA, BEIJING F4 100088",principal_office,https://www.sec.gov/cgi-bin/viewer?action=view&cik=0001965473&accession_number=0001641172-25-005406&xbrl_type=r,High,86-105-083-0911
LSE,0001985139,0001493152-25-006894,2024,"103 HUIZHONG LI, B BUILDING, PEKING TIMES SQUARE, UNIT 15B10, CHAOYANG DISTRICT, BEIJING F4 122000, 861084871799",principal_office,https://www.sec.gov/cgi-bin/viewer?action=view&cik=0001985139&accession_number=0001493152-25-006894&xbrl_type=r,High,
ABLV,0001957489,0001213900-25-034677,2024,"511 WEIHAI ROAD, ROOM 1803, SHANGHAI F4 200041",principal_office,https://www.sec.gov/cgi-bin/viewer?action=view&cik=0001957489&accession_number=0001213900-25-034677&xbrl_type=r,High,86-185-0177-0425
ANL,0001944552,0001213900-25-037591,2024,"685 U.S. HIGHWAY ONE, 2ND FLOOR, NORTH BRUNSWICK NJ 08902",principal_office,https://www.sec.gov/cgi-bin/viewer?action=view&cik=0001944552&accession_number=0001213900-25-037591&xbrl_type=r,High,848-230-7430
STG,0001723935,0000950170-25-058319,2024,"NO. 36 CHUANGYUAN RD, CHAOYANG DISTRICT, BEIJING F4 100012, 86 10 52413738",principal_office,https://www.sec.gov/cgi-bin/viewer?action=view&cik=0001723935&accession_number=0000950170-25-058319&xbrl_type=r,High,"BUILDING 4-6, CHAOLAI SCIENCE PARK"
SFWL,0001863218,0001013762-25-003699,2024,"SHENGFENG BUILDING, NO. 478 FUXIN EAST ROAD, JINAN DISTRICT, FUZHOU CITY F4 350001",principal_office,https://www.sec.gov/cgi-bin/viewer?action=view&cik=0001863218&accession_number=0001013762-25-003699&xbrl_type=r,High,86-591-83619860
CBAT,0001117171,,,,other,https://www.sec.gov/cgi-bin/browse-edgar?CIK=0001117171&action=filing,Low,
WETO,0001941158,0001575872-25-000653,2025,"NO. 26 JUYE ROAD, SUITE 1902, BLDG A JINXIU INTERNATIONAL, HANGZHOU F4 310052",principal_office,https://www.sec.gov/cgi-bin/viewer?action=view&cik=0001941158&accession_number=0001575872-25-000653&xbrl_type=r,High,86-571-81389116
MATH,0001682241,0001213900-25-069404,2025,"SUITE 1508, CENTRAL PLAZA, 18 HARBOUR ROAD, WAN CHAI K3 000000, 852 35652920",principal_office,https://www.sec.gov/cgi-bin/viewer?action=view&cik=0001682241&accession_number=0001213900-25-069404&xbrl_type=r,High,
YIBO,0001868395,0001013762-25-004359,2024,"NO. 756 GUANGFU ROAD, HI-TECH DEVELOPMENT ZONE, XINYU CITY, JIANGXI PROVINCE F4 338004",principal_office,https://www.sec.gov/cgi-bin/viewer?action=view&cik=0001868395&accession_number=0001013762-25-004359&xbrl_type=r,High,86-0790-7138216
SOL,0001417892,0001410578-23-001267,2022,"100 FIRST STAMFORD PLACE, SUITE 302, STAMFORD CT 06902",principal_office,https://www.sec.gov/cgi-bin/viewer?action=view&cik=0001417892&accession_number=0001410578-23-001267&xbrl_type=r,High,(347) 577 9055 X-115
FVNNU,0002010653,,,,other,https://www.sec.gov/cgi-bin/browse-edgar?CIK=0002010653&action=filing,Low,
FNGR,0001602409,,,,other,https://www.sec.gov/cgi-bin/browse-edgar?CIK=0001602409&action=filing,Low,
XCH,0001979887,0000950170-25-056976,2024,"NO.12 SHUANGYANG RD, DAXING DISTRICT, BEIJING F4 100023, 008618612790590",principal_office,https://www.sec.gov/cgi-bin/viewer?action=view&cik=0001979887&accession_number=0000950170-25-056976&xbrl_type=r,High,
WIMI,0001770088,0001213900-25-033934,2024,"NO. 6 XIAOZHUANG, BEIJING F4 100005, 861053384913",principal_office,https://www.sec.gov/cgi-bin/viewer?action=view&cik=0001770088&accession_number=0001213900-25-033934&xbrl_type=r,High,
AZI,0001959726,0001493152-25-003767,2024,"CITRUS GROVE,106 GORING AVE, GEORGE TOWN",principal_office,https://www.sec.gov/cgi-bin/viewer?action=view&cik=0001959726&accession_number=0001493152-25-003767&xbrl_type=r,High,(86) 13810709967
ICLK,PENDING,,,,other,,Low,
CNF,0001733868,0001213900-25-037031,2024,"22/F, SOUTH FINANCE CTR, NO. 6 WUHENG RD, TIANHE DISTRICT, GUANGZHOU CITY, GUANGDONG PROVINCE F4 00000",principal_office,https://www.sec.gov/cgi-bin/viewer?action=view&cik=0001733868&accession_number=0001213900-25-037031&xbrl_type=r,High,86-020-62316688
YGMZ,0001782037,0001213900-25-044189,2024,"27F YANTIAN MODERN INDUSTRY SERVICE CTR, NO. 3018 SHAYAN RD., SHENZHEN, GUAGDONG F4 518083, 8675525202831",principal_office,https://www.sec.gov/cgi-bin/viewer?action=view&cik=0001782037&accession_number=0001213900-25-044189&xbrl_type=r,High,
YSXT,0001993463,0001410578-25-001545,2025,"401, 4/F, BUILDING 12, 1601 S. GUANGZHOU AVE., HAIZHU DISTRICT, GUANGZHOU F4 510220",principal_office,https://www.sec.gov/cgi-bin/viewer?action=view&cik=0001993463&accession_number=0001410578-25-001545&xbrl_type=r,High,0998-2300833
GMM,0001913749,0001213900-25-000430,2024,"NO. 102, 1ST FLOOR, NO. A12, XIDIAN MEMORY CULTURAL AND CREATIVE TOWN, GAOBEIDIAN, CHAOYANG, BEIJING F4 225300",principal_office,https://www.sec.gov/cgi-bin/viewer?action=view&cik=0001913749&accession_number=0001213900-25-000430&xbrl_type=r,High,86-1064376636
YAAS,0001964946,0001493152-25-004300,2024,"ROOM 1005, 1006, 1007, NO. 122, HUANGPU AVENUE WEST, TIANHE DISTRICT, GUANGZHOU, GUANGDONG PROVINCE F4 510000, 86 13631357745",principal_office,https://www.sec.gov/cgi-bin/viewer?action=view&cik=0001964946&accession_number=0001493152-25-004300&xbrl_type=r,High,
YXT,0001872090,0001193125-25-092148,2024,"FLOOR 20, BUILDING 2, NO. 209,, ZHUYUAN ROAD, HIGH-TECH DISTRICT, SUZHOU, JIANGSU, 215011 F4 00000, 86 512 66899881",principal_office,https://www.sec.gov/cgi-bin/viewer?action=view&cik=0001872090&accession_number=0001193125-25-092148&xbrl_type=r,High,
JG,0001737339,0001410578-25-000628,2024,"3/F, BLDG 7, ZHIHENG INDUSTRIAL PARK,, NO. 15, GUANKOU ROAD 2, NANTOU STREET, SHENZHEN F4 518052, 8675583881462",principal_office,https://www.sec.gov/cgi-bin/viewer?action=view&cik=0001737339&accession_number=0001410578-25-000628&xbrl_type=r,High,
BNR,0001792267,0001193125-25-101753,2024,"NO. 5 XINGDAO RING ROAD NORTH,, INTERNATIONAL BIO ISLAND, GUANGZHOU, GUANGDONG F4 510005, 86 18501641666",principal_office,https://www.sec.gov/cgi-bin/viewer?action=view&cik=0001792267&accession_number=0001193125-25-101753&xbrl_type=r,High,
BEST,PENDING,,,,other,,Low,
JZXN,0001816172,0001213900-25-019083,2024,"NO.168 QIANJIANG NONGCHANG GENGWEN ROAD, 15TH FL, XIAOSHAN DIST., HANGZHOU CITY, ZHEJIANG PROVINCE F4 310000, 86 09372689523",principal_office,https://www.sec.gov/cgi-bin/viewer?action=view&cik=0001816172&accession_number=0001213900-25-019083&xbrl_type=r,High,
STEC,0001785680,0001437749-25-031287,2025,"15TH FLOOR, AIA CENTRAL,, 1 CONNAUGHT ROAD CENTRAL,, HONG KONG, 85225939309",principal_office,https://www.sec.gov/cgi-bin/viewer?action=view&cik=0001785680&accession_number=0001437749-25-031287&xbrl_type=r,High,
PTHL,0001970544,0001213900-25-025558,2024,"ROOM 306, NET BUILDING, HONGJUNYING SOUTH RD, CHAOYANG DISTRICT, BEIJING F4 100012",principal_office,https://www.sec.gov/cgi-bin/viewer?action=view&cik=0001970544&accession_number=0001213900-25-025558&xbrl_type=r,High,010-84817665
UCL,0001775898,0001013762-25-002946,2024,"132 NATHAN ROAD, TSIM SHA TSUI, KOWLOON, HONG KONG F4 999077, 852 31758988",principal_office,https://www.sec.gov/cgi-bin/viewer?action=view&cik=0001775898&accession_number=0001013762-25-002946&xbrl_type=r,High,"UNIT 2214-RM1, 22/F, MIRA PLACE TOWER A"
LGCL,0001954694,0001641172-25-001706,2024,"ROOM 5A01, 4TH FLOOR, AIR CHINA BUILDING, XIAOYUN ROAD, SANYUANQIAO, CHAOYANG,, BEIJING F4 100027",principal_office,https://www.sec.gov/cgi-bin/viewer?action=view&cik=0001954694&accession_number=0001641172-25-001706&xbrl_type=r,High,(86) 18500976532
RCON,0001442620,0001104659-25-099502,2025,"ROOM 601, 1 SHUI'AN SOUTH STREET, CHAOYANG DISTRICT, BEIJING 100012",principal_office,https://www.sec.gov/cgi-bin/viewer?action=view&cik=0001442620&accession_number=0001104659-25-099502&xbrl_type=r,High,86 10 8494-5799
AIXI,0001935172,0001213900-25-044439,2024,"7TH FLOOR, BUILDING 398, NO. 1555 WEST JINSHAJIANG RD., SHANGHAI F4 201803",principal_office,https://www.sec.gov/cgi-bin/viewer?action=view&cik=0001935172&accession_number=0001213900-25-044439&xbrl_type=r,High,(86) 021-39512112
WAI,0001938865,0001213900-25-033010,2024,"ROOM 1304, BLG NO. 25, TIAN'AN HQ CENTER, NO. 555, NORTH PANYU AVE., DONGHUAN ST., GUANGZHOU F4 511400, 8618219445669",principal_office,https://www.sec.gov/cgi-bin/viewer?action=view&cik=0001938865&accession_number=0001213900-25-033010&xbrl_type=r,High,
ZBAO,0001966750,0001213900-24-092990,2024,"BUILDING 10, 860 XINYANG ROAD, LINGANG NEW AREA, SHANGHAI F4 000000, 862150896502",principal_office,https://www.sec.gov/cgi-bin/viewer?action=view&cik=0001966750&accession_number=0001213900-24-092990&xbrl_type=r,High,
BEDU,0001696355,0001213900-24-108859,2024,"NO.1, COUNTRY GARDEN ROAD, BEIJIAO TOWN, SHUNDE DISTRICT, FOSHAN, GUANGDONG F4 528300, 86 757 6683 2507",principal_office,https://www.sec.gov/cgi-bin/viewer?action=view&cik=0001696355&accession_number=0001213900-24-108859&xbrl_type=r,High,
ZEPP,0001720446,0001410578-25-000903,2024,"BUILDING B2, ZHONG'AN CHUANGGU, TECHNOLOGY PARK NO.900 WANGJIANG WEST RD, HEFEI F4 230088",principal_office,https://www.sec.gov/cgi-bin/viewer?action=view&cik=0001720446&accession_number=0001410578-25-000903&xbrl_type=r,High,86551-65837200
GDHG,0001928340,0001213900-25-006978,2024,"NO.8 HAICHUAN ROAD, BANHOU, XIQIN TOWN, YANPING DISTRICT, NANPING CITY, FUJIAN PROVINCE F4 353001, 86 0599 8508022",principal_office,https://www.sec.gov/cgi-bin/viewer?action=view&cik=0001928340&accession_number=0001213900-25-006978&xbrl_type=r,High,
HPH,PENDING,,,,other,,Low,
DSWL,0000946936,0001174947-25-001096,2025,"10B EDIFICIO ASSOCIACAO INDUSTRIAL MACAU, 32 RUA DO COMANDANTE MATA E OLIVEIRA, MACAO F4 00000, 2127320030",principal_office,https://www.sec.gov/cgi-bin/viewer?action=view&cik=0000946936&accession_number=0001174947-25-001096&xbrl_type=r,High,
SJ,0001753673,0001213900-25-033951,2024,"RM 1118, 11TH FLOOR, BUILDING 3, NO. 99, WANGZHOU RD.,LIANGZHU ST.YUHANG DISTRICT, HANGZHOU, ZHEJIANG PROVINCE F4 311113",principal_office,https://www.sec.gov/cgi-bin/viewer?action=view&cik=0001753673&accession_number=0001213900-25-033951&xbrl_type=r,High,(86)0571-88586668
HKIT,0001742341,0001213900-25-035602,2024,"UNIT 304, NO. 30 GUANRI ROAD, SIMING DISTRICT, XIAMEN, FUJIAN PROVINCE F4 361008",principal_office,https://www.sec.gov/cgi-bin/viewer?action=view&cik=0001742341&accession_number=0001213900-25-035602&xbrl_type=r,High,86-57182213772
CLPS,0001724542,0001213900-25-099739,2025,"UNIT 1102, 11TH FL, MILLENNIUM CITY 3, 370 KWUN TONG ROAD, KWUN TONG, KOWLOON K3 000000, 852 37073600",principal_office,https://www.sec.gov/cgi-bin/viewer?action=view&cik=0001724542&accession_number=0001213900-25-099739&xbrl_type=r,High,
HUIZ,0001778982,0001193125-25-091356,2024,"49/F, BLDG T1, QIANHAI FINANCIAL CENTRE, LINHAI AVENUE, QIANHAI SZ-HK COOP ZONE, SHENZHEN F4 518000, 86 755 3689 9088",principal_office,https://www.sec.gov/cgi-bin/viewer?action=view&cik=0001778982&accession_number=0001193125-25-091356&xbrl_type=r,High,
CASI,0001962738,0001558370-25-004086,2024,"NO. 81 JIANGUO ROAD, CHAOYANG DISTRICT, BEIJING F4 100025, 86 10 6561 8789",principal_office,https://www.sec.gov/cgi-bin/viewer?action=view&cik=0001962738&accession_number=0001558370-25-004086&xbrl_type=r,High,"1701-1702, CHINA CENTRAL OFFICE TOWER 1"
RAYA,0001825875,0001213900-25-034605,2024,"NO.528, 4TH AVENUE, BINHAI INDUSTRIAL PARK, WENZHOU, ZHEJIANG F4 325025",principal_office,https://www.sec.gov/cgi-bin/viewer?action=view&cik=0001825875&accession_number=0001213900-25-034605&xbrl_type=r,High,86-577-86829999
AACG,0001420529,0001410578-25-000679,2024,"RM. 507, BLDG. 3, BINHUZHUOYUECHENG, WENHUAKECHUANGYUAN, HUAYUAN BLVD. 365, BAOHE, HEFEI, ANHUI F4 230051",principal_office,https://www.sec.gov/cgi-bin/viewer?action=view&cik=0001420529&accession_number=0001410578-25-000679&xbrl_type=r,High,8610-6518-1133
MTEN,0001948099,0001213900-25-037714,2024,"LVHUA VILLAGE, LUOSHE TOWN, HUISHAN DISTRICT, WUXI F4 214189, 86 0510 83318500",principal_office,https://www.sec.gov/cgi-bin/viewer?action=view&cik=0001948099&accession_number=0001213900-25-037714&xbrl_type=r,High,
NISN,0001603993,0001213900-25-036787,2024,"21F, 55 LOUSHANGUAN RD, CHANGNING DISTRICT, SHANGHAI F4 200336, 86 0577 8689 5678",principal_office,https://www.sec.gov/cgi-bin/viewer?action=view&cik=0001603993&accession_number=0001213900-25-036787&xbrl_type=r,High,
LBGJ,0001896425,0001213900-25-107445,2025,"NO. 190 XIZHANG ROAD, GUSHAN TOWN, JIANGYIN CITY,, JIANGSU PROVINCE",principal_office,https://www.sec.gov/cgi-bin/viewer?action=view&cik=0001896425&accession_number=0001213900-25-107445&xbrl_type=r,High,86-051081630030
BTCM,0001517496,0001410578-25-000990,2024,"428 SOUTH SEIBERLING STREET, AKRON OH 44306",principal_office,https://www.sec.gov/cgi-bin/viewer?action=view&cik=0001517496&accession_number=0001410578-25-000990&xbrl_type=r,High,346-204-8537
MTC,0001742518,0001213900-25-030342,2024,"AF, 16/F, BLOCK B, JIACHENG PLAZA, 18 XIAGUANGLI, CHAOYANG DISTRICT, BEIJING F4 100027",principal_office,https://www.sec.gov/cgi-bin/viewer?action=view&cik=0001742518&accession_number=0001213900-25-030342&xbrl_type=r,High,86-1056172312
MASK,0001993097,0001185185-25-001717,2025,"HONG KONG, 85236203187",principal_office,https://www.sec.gov/cgi-bin/viewer?action=view&cik=0001993097&accession_number=0001185185-25-001717&xbrl_type=r,High,"NO.118 CONNAUGHT ROAD WEST, 3003-2"
ZCMD,0001785566,0001213900-25-035599,2024,"ROOM 2504, OOCL TOWER, 841 YAN'AN MIDDLE ROAD, JING'AN DISTRICT, SHANGHAI 200040",principal_office,https://www.sec.gov/cgi-bin/viewer?action=view&cik=0001785566&accession_number=0001213900-25-035599&xbrl_type=r,High,021-32205987
ORIS,0001964664,0001213900-25-037481,2024,"NO. 48 XIANYU ROAD, SHUANGCHENG TOWN, ZHERONG, NINGDE F4 355399",principal_office,https://www.sec.gov/cgi-bin/viewer?action=view&cik=0001964664&accession_number=0001213900-25-037481&xbrl_type=r,High,86-(0)5938386777
EBON,0001799290,0001213900-25-036063,2024,"ASIA SQUARE TOWER 2 U0 018961, 8657188176197",principal_office,https://www.sec.gov/cgi-bin/viewer?action=view&cik=0001799290&accession_number=0001213900-25-036063&xbrl_type=r,High,"12 MARINA VIEW, #20-02B"
EHGO,0001879754,0001410578-25-001818,2025,"12F BLOCK 16, NO.1000 JINHAI ROAD, PUDONG NEW DISTRICT, SHANGHAI F4 201206, 011864006005800",principal_office,https://www.sec.gov/cgi-bin/viewer?action=view&cik=0001879754&accession_number=0001410578-25-001818&xbrl_type=r,High,
JZ,0001852440,0001213900-25-037744,2024,"YINGDU BUILDING, 27/F ZHICHUN ROAD, TOWER A, BEIJING F4 100086, 86 10 58732560",principal_office,https://www.sec.gov/cgi-bin/viewer?action=view&cik=0001852440&accession_number=0001213900-25-037744&xbrl_type=r,High,
INLF,0001991592,0001213900-25-036061,2024,"NO. 88, HONGSI ROAD, YANGXI NEW AREA, HONGLAI TOWN, NAN'AN CITY F4 362331, 086 15375760760",principal_office,https://www.sec.gov/cgi-bin/viewer?action=view&cik=0001991592&accession_number=0001213900-25-036061&xbrl_type=r,High,
FENG,0001509646,0000950170-25-055759,2024,"SINOLIGHT PLAZA, FL.16, NO.4 QIYANG RD.,, WANGJING, CHAOYANG DISTRICT, Beijing F4 100102",principal_office,https://www.sec.gov/cgi-bin/viewer?action=view&cik=0001509646&accession_number=0000950170-25-055759&xbrl_type=r,High,(86) 10 60676000
EPOW,0001780731,0001213900-25-044226,2024,"R703 W R&D BLDG,ZIBO SCIENCE & TECH PARK, NO. 69 SANYING ROAD ZHANGDIAN DISTRICT, ZIBO CITY, SHANDONG PROVINCE F4 00000",principal_office,https://www.sec.gov/cgi-bin/viewer?action=view&cik=0001780731&accession_number=0001213900-25-044226&xbrl_type=r,High,86-01082967728
OCG,0001776067,0001213900-25-043484,2024,"ROOM 1310, TOWER B, HARBOUR VIEW BUILDING, EASTERN DISTRICT, HONG KONG",principal_office,https://www.sec.gov/cgi-bin/viewer?action=view&cik=0001776067&accession_number=0001213900-25-043484&xbrl_type=r,High,852-21103909
BTCT,0001796514,0001213900-25-037719,2024,"3RD FLOOR, TOWER A, 2 SHENYUN ROAD WEST, NANSHAN DISTRICT, GUANGDONG PROVINCE, SHENZHEN F4 518000, 0118675582945250",principal_office,https://www.sec.gov/cgi-bin/viewer?action=view&cik=0001796514&accession_number=0001213900-25-037719&xbrl_type=r,High,
UTSI,0001030471,0000950170-25-058802,2024,"4TH FLOOR, SOUTH WING, 368 LIUHE ROAD, BINJIANG DISTRICT, HANGZHOU, P.R. F4 NA, 86 571 8192 8888",principal_office,https://www.sec.gov/cgi-bin/viewer?action=view&cik=0001030471&accession_number=0000950170-25-058802&xbrl_type=r,High,
HUDI,0001791725,0001213900-25-008430,2024,"NO. 68, YAQIAN VILLAGE, YONGZHONG STREET, WENZHOU F4 325025, 86057786598888",principal_office,https://www.sec.gov/cgi-bin/viewer?action=view&cik=0001791725&accession_number=0001213900-25-008430&xbrl_type=r,High,
AIFU,0001413855,0001213900-25-035604,2024,"60/F PEARL RIVER TOWER, NO.15 WEST ZHUJIANG ROAD TIANHE DISTRICT, GUANGZHOU",principal_office,https://www.sec.gov/cgi-bin/viewer?action=view&cik=0001413855&accession_number=0001213900-25-035604&xbrl_type=r,High,(86-20) 8388 6888
GDC,0001641398,,,,other,https://www.sec.gov/cgi-bin/browse-edgar?CIK=0001641398&action=filing,Low,
FEDU,0001709819,0000950170-25-090163,2025,"ROOM 1301, ZI'AN BUILDING, 309 YUYUAN ROAD, JING'AN DISTRICT, SHANGHAI F4 200040",principal_office,https://www.sec.gov/cgi-bin/viewer?action=view&cik=0001709819&accession_number=0000950170-25-090163&xbrl_type=r,High,86-21-6317-6678
GTEC,0001735041,,,,other,https://www.sec.gov/cgi-bin/browse-edgar?CIK=0001735041&action=filing,Low,
CCM,0001472072,0001410578-25-000907,2024,"BUILDING NO. 7 GUANGHUA ROAD, CHAOYANG DISTRICT, BEIJING F4 100020",principal_office,https://www.sec.gov/cgi-bin/viewer?action=view&cik=0001472072&accession_number=0001410578-25-000907&xbrl_type=r,High,(86)10-5825-6867
IZM,0001854572,0001213900-25-102243,2025,"NO. 7018 CAI TIAN ROAD, FUTIAN DISTRICT,, SHENZHEN, GUANGDONG F4 518000, 86 755 88603072",principal_office,https://www.sec.gov/cgi-bin/viewer?action=view&cik=0001854572&accession_number=0001213900-25-102243&xbrl_type=r,High,"ROOM 3801, BUILDING A, SUNHOPE E-METRO,"
DDC,0001808110,0001213900-25-043916,2024,"368 9TH AVE, NEW YORK NY 10001",principal_office,https://www.sec.gov/cgi-bin/viewer?action=view&cik=0001808110&accession_number=0001213900-25-043916&xbrl_type=r,High,852-2803-0688
BHAT,0001759136,0001731122-25-000634,2024,"7TH FLOOR, BUILDING C, NO. 1010,, ANLING ROAD, HULI DISTRICT, XIAMEN F4 00000, 865922280081",principal_office,https://www.sec.gov/cgi-bin/viewer?action=view&cik=0001759136&accession_number=0001731122-25-000634&xbrl_type=r,High,
CHR,0001738758,0001213900-25-021907,2024,"22ND FLOOR, BLOCK B, XINHUA TECH BLDG., NO. 8 TUOFANGYING ROAD, CHAOYANG DISTRICT, BEIJING F4 00000",principal_office,https://www.sec.gov/cgi-bin/viewer?action=view&cik=0001738758&accession_number=0001213900-25-021907&xbrl_type=r,High,86-13810355988
JFU,0001619544,0001213900-25-073649,2024,"ROOM 1607, BUILDING NO. 5,, 5 W. LAIGUANGYING RD, CHAOYANG DISTRICT, CHAOYANG DISTRICT, BEIJING F4 100012",principal_office,https://www.sec.gov/cgi-bin/viewer?action=view&cik=0001619544&accession_number=0001213900-25-073649&xbrl_type=r,High,86-10-85276996
DUO,0001750593,0001213900-25-034322,2024,"18/F, UNIT B2, KEXING SCIENCE PARK, 15 KEYUAN ROAD, TECHNOLOGY PARK, SHENZHEN F4 518057, 008675526998968",principal_office,https://www.sec.gov/cgi-bin/viewer?action=view&cik=0001750593&accession_number=0001213900-25-034322&xbrl_type=r,High,
WETH,0001826660,,,,other,https://www.sec.gov/cgi-bin/browse-edgar?CIK=0001826660&action=filing,Low,
MGIH,0001903995,0001213900-25-103120,2025,"RM 2722, 27/F, NO. 1 HUNG TO ROAD,, KWUN TONG, KOWLOON, K3 999077, 85236195768",principal_office,https://www.sec.gov/cgi-bin/viewer?action=view&cik=0001903995&accession_number=0001213900-25-103120&xbrl_type=r,High,
TIRX,0001782941,0001410578-25-000068,2024,"21A JINGYUAN ART CENTER, 3 GUANGQU ROAD,, CHAOYANG DISTRICT,, BEIJING F4 100124, 01087529409",principal_office,https://www.sec.gov/cgi-bin/viewer?action=view&cik=0001782941&accession_number=0001410578-25-000068&xbrl_type=r,High,
NAAS,0001712178,0001410578-25-001444,2024,"NEWLINK CENTER, AREA G, BLDG. 7,HUITONG, TIMES SQUARE, NO.1 YAOJIAYUAN SOUTH RD,, CHAOYANG DISTRICT, BEIJING F4 100024, 861085511066",principal_office,https://www.sec.gov/cgi-bin/viewer?action=view&cik=0001712178&accession_number=0001410578-25-001444&xbrl_type=r,High,
SISI,0001300734,,,,other,https://www.sec.gov/cgi-bin/browse-edgar?CIK=0001300734&action=filing,Low,
EDTK,0001782309,0001641172-25-022783,2025,"FLOOR 4 BLDG 1 NO. 311 YANXIN RD, HUISHAN QU, WUXI SHI F4 214406, 13395136886",principal_office,https://www.sec.gov/cgi-bin/viewer?action=view&cik=0001782309&accession_number=0001641172-25-022783&xbrl_type=r,High,
ENFY,0000857949,,,,other,https://www.sec.gov/cgi-bin/browse-edgar?CIK=0000857949&action=filing,Low,
DTSS,0001631282,,,,other,https://www.sec.gov/cgi-bin/browse-edgar?CIK=0001631282&action=filing,Low,
XIN,0001398453,0001410578-25-000989,2024,"27/F, CHINA CENTRAL PLACE, TOWER II, 79 JIANGUO ROAD, CHAOYANG DISTRICT, BEIJING F4 100025, 861085889200",principal_office,https://www.sec.gov/cgi-bin/viewer?action=view&cik=0001398453&accession_number=0001410578-25-000989&xbrl_type=r,High,
SOS,0001346610,0001213900-25-044183,2024,"BLDG 6, E. SEAVIEW PARK, 298 HAIJING RD, YINZHU STR.,  WEST COAST NEW DISTRICT, QINGDAO SHANDONG PROVINCE F4 266400",principal_office,https://www.sec.gov/cgi-bin/viewer?action=view&cik=0001346610&accession_number=0001213900-25-044183&xbrl_type=r,High,86-532-86617117
RETO,0001687277,0001213900-25-041195,2024,BEIJING F4 100101,principal_office,https://www.sec.gov/cgi-bin/viewer?action=view&cik=0001687277&accession_number=0001213900-25-041195&xbrl_type=r,High,(86) 10-64827328
DXST,0001958133,0001213900-25-021825,2024,"LASHAN DISTRICT, YANTAI CITY, SHANDONG PROVINCE F4 264600",principal_office,https://www.sec.gov/cgi-bin/viewer?action=view&cik=0001958133&accession_number=0001213900-25-021825&xbrl_type=r,High,0535-5247776
PT,0001716338,0001410578-25-000773,2024,"3RD FLOOR, NO.11 BUILDING, NO.109 YARD TIANJIZHIGU, JINGHAI 3RD ST, BDA, BEIJING F4 100000, 86 1085643600",principal_office,https://www.sec.gov/cgi-bin/viewer?action=view&cik=0001716338&accession_number=0001410578-25-000773&xbrl_type=r,High,
JDZG,0001976908,0001410578-25-000919,2024,"NO.1702&1706 MINJIANG RD, JINJIAN DIST., CHENGDU CITY, SICHUAN PROVINCE F4 610000",principal_office,https://www.sec.gov/cgi-bin/viewer?action=view&cik=0001976908&accession_number=0001410578-25-000919&xbrl_type=r,High,400-028-0776
PLAG,0001117057,,,,other,https://www.sec.gov/cgi-bin/browse-edgar?CIK=0001117057&action=filing,Low,
YQ,0001821468,0000950170-25-058824,2024,"16/F, BLOCK B, WANGJING GREENLAND CENTER, CHAOYANG DISTRICT, BEIJING F4 100102, 86 10 59451082",principal_office,https://www.sec.gov/cgi-bin/viewer?action=view&cik=0001821468&accession_number=0000950170-25-058824&xbrl_type=r,High,
CDTG,0001793895,0001731122-25-000746,2024,"C1, 4TH FLOOR, BUILDING 1,, FINANCIAL BASE, NO.8 KEFA ROAD, NANSHAN DISTRICT F4 518057",principal_office,https://www.sec.gov/cgi-bin/viewer?action=view&cik=0001793895&accession_number=0001731122-25-000746&xbrl_type=r,High,86-0755-86667922
SFHG,0001926792,0001213900-25-032249,2024,"UNIT BM 8/F, BLK 4, KWUN TONG IND. CTR., HONG KONG K3 0000, 85235891500",principal_office,https://www.sec.gov/cgi-bin/viewer?action=view&cik=0001926792&accession_number=0001213900-25-032249&xbrl_type=r,High,"436-446 KWUN TONG ROAD, KWUN TONG"
SEED,0001321851,0001410578-25-000111,2024,"NO. 21 SHENG MING YUAN ROAD, CHANGPING DISTRICT BEIJING F4 102206",principal_office,https://www.sec.gov/cgi-bin/viewer?action=view&cik=0001321851&accession_number=0001410578-25-000111&xbrl_type=r,High,858-847-9000
CREG,0000721693,,,,other,https://www.sec.gov/cgi-bin/browse-edgar?CIK=0000721693&action=filing,Low,
PETZ,0001684425,0001213900-25-035775,2024,"C/O BEIJING WENXIN CO., LTD., ROOM 1104, FULL TOWER, 9 EAST THIRD RING MIDDLE RD., CHAOYANG DISTRICT, BEIJING F4 0000",principal_office,https://www.sec.gov/cgi-bin/viewer?action=view&cik=0001684425&accession_number=0001213900-25-035775&xbrl_type=r,High,86-187-0642-0269
FEBO,0001957001,0001641172-25-010075,2024,"UNIT J, 19/F, WORLD TECH CENTRE, 95 HOW MING ROAD, KWUN TONG, KOWLOON K3 0000",principal_office,https://www.sec.gov/cgi-bin/viewer?action=view&cik=0001957001&accession_number=0001641172-25-010075&xbrl_type=r,High,852-2343-3328
UCAR,0001939780,0001213900-25-044284,2024,"2F, ZUOAN 88 A, LUJIAZUI, SHANGHAI F4 200120",principal_office,https://www.sec.gov/cgi-bin/viewer?action=view&cik=0001939780&accession_number=0001213900-25-044284&xbrl_type=r,High,0086-21-6859-3598
STFS,0002003061,0001213900-25-109038,2025,"ROOM 64, ROOM 401, NO. 7 HE NING ER ROAD, HULI DISTRICT, XIAMEN CITY, FUJIAN PROVINCE 361000, 5859898659",principal_office,https://www.sec.gov/cgi-bin/viewer?action=view&cik=0002003061&accession_number=0001213900-25-109038&xbrl_type=r,High,
CPOP,0001807389,0001213900-25-111512,2025,"HULI DISTRICT, XIAMEN CITY, FUJIAN PROVINCE F4 00000",principal_office,https://www.sec.gov/cgi-bin/viewer?action=view&cik=0001807389&accession_number=0001213900-25-111512&xbrl_type=r,High,86-0592-5968169
SOGP,0001783407,0001410578-25-000976,2024,"108 ROBINSON ROAD, SINGAPORE U0 068900, 65 62021360",principal_office,https://www.sec.gov/cgi-bin/viewer?action=view&cik=0001783407&accession_number=0001410578-25-000976&xbrl_type=r,High,#09-01
LOBO,0001932072,0001641172-25-006462,2024,"XINWU DISTRICT, WUXI, JIANGSU F4 214111, 86 510 88584252",principal_office,https://www.sec.gov/cgi-bin/viewer?action=view&cik=0001932072&accession_number=0001641172-25-006462&xbrl_type=r,High,
LXEH,0001814067,0001213900-25-037081,2024,"NO. 818 HUA YUAN STREET, LIANDU DISTRICT, LISHUI CITY. ZHEJIANG PROVINCE F4 323000",principal_office,https://www.sec.gov/cgi-bin/viewer?action=view&cik=0001814067&accession_number=0001213900-25-037081&xbrl_type=r,High,86(578)2267142
MHUA,0001835615,0001213900-25-035216,2024,"88 TONGDA ROAD, TOUQIAO TOWN, GUANGLING DISTRICT, YANGZHOU F4 225000",principal_office,https://www.sec.gov/cgi-bin/viewer?action=view&cik=0001835615&accession_number=0001213900-25-035216&xbrl_type=r,High,(86) 0514-89800199
WNW,0001787803,0001641172-25-010279,2024,"SIMING DISTRICT,, XIAMEN, 86 755 85250400",principal_office,https://www.sec.gov/cgi-bin/viewer?action=view&cik=0001787803&accession_number=0001641172-25-010279&xbrl_type=r,High,"UNIT 304-3, NO. 19, WANGHAI ROAD"
WOK,0001929783,0001213900-25-014076,2024,"BUILDING 23, NO. 2 TONGHUINAN RD., XIAOSHAN DISTRICT, HANGZHOU F4 311200",principal_office,https://www.sec.gov/cgi-bin/viewer?action=view&cik=0001929783&accession_number=0001213900-25-014076&xbrl_type=r,High,86-0571-82613568
LKCO,PENDING,,,,other,,Low,
UBXG,0001888525,0001213900-25-102251,2025,"NO.1 LINKONG ER ROAD, SHUNYI DISTRICT, ZHONGGUAN SCIENCE AND TECHNOLOGY PARK, BEIJING 101300, 8610065120297",principal_office,https://www.sec.gov/cgi-bin/viewer?action=view&cik=0001888525&accession_number=0001213900-25-102251&xbrl_type=r,High,
ILAG,0001814963,0001641172-25-006445,2024,"UNIT 02, 5/F., BLK A, PROFIT IND. BLDG.,, HONG KONG K3 00000, 852 2481 7938",principal_office,https://www.sec.gov/cgi-bin/viewer?action=view&cik=0001814963&accession_number=0001641172-25-006445&xbrl_type=r,High,"1-15 KWAI FUNG ST., KWAI CHUNG, N.T."
AIHS,0001711012,,,,other,https://www.sec.gov/cgi-bin/browse-edgar?CIK=0001711012&action=filing,Low,
KUKE,0001809158,0001213900-25-044411,2024,"ROOM 303 BEIJING BROADCASTING TOWER,, NO. JIA 14, JIANWAIDAJIE, CHAOYANG DISTRICT, BEIJING F4 100024",principal_office,https://www.sec.gov/cgi-bin/viewer?action=view&cik=0001809158&accession_number=0001213900-25-044411&xbrl_type=r,High,86-10-6561-0392
KRKR,0001779476,0001410578-25-000775,2024,"BUILDING B6, UNIVERSAL BUSINESS PARK,, NO. 10 JIUXIANQIAO ROAD, CHAOYANG DISTRICT, BEIJING F4 00000",principal_office,https://www.sec.gov/cgi-bin/viewer?action=view&cik=0001779476&accession_number=0001410578-25-000775&xbrl_type=r,High,86 10 8965-0708
WAFU,0001716770,0001213900-25-069961,2025,"RM 505 BLDG NO. 40, NO. 1 DISHENG N ST, ECONOMIC & TECHNOLOGICAL DEVELOP. ZONE, BEIJING F4 100176, 86 10 57925024",principal_office,https://www.sec.gov/cgi-bin/viewer?action=view&cik=0001716770&accession_number=0001213900-25-069961&xbrl_type=r,High,
YJ,0001759614,0001641172-25-005915,2024,"15/F, SOUTH BUILDING, HIPARK PHASE 2,, XIAOSHAN DISTRICT, HANGZHOU F4 310000",principal_office,https://www.sec.gov/cgi-bin/viewer?action=view&cik=0001759614&accession_number=0001641172-25-005915&xbrl_type=r,High,86 571-81688920
CLEU,PENDING,,,,other,,Low,
CHSN,0001825349,0001213900-25-028989,2024,"B9 XINJIANG CHUANGBO ZHIGU INDUSTRIAL PK, NO.100 GUANGYUAN ROAD SHUIMOGOU DISTRICT, URUMQI, XINJIANG F4 830017",principal_office,https://www.sec.gov/cgi-bin/viewer?action=view&cik=0001825349&accession_number=0001213900-25-028989&xbrl_type=r,High,86-0991-2302709
HIHO,0001026785,0001213900-25-059629,2025,"LEVEL 18 LANDMARK N 39 LUNG SUM AVE, STE 1801, SHEUNG SHUI K3 00000",principal_office,https://www.sec.gov/cgi-bin/viewer?action=view&cik=0001026785&accession_number=0001213900-25-059629&xbrl_type=r,High,011-86-755-2813-6056
GURE,0000885462,,,,other,https://www.sec.gov/cgi-bin/browse-edgar?CIK=0000885462&action=filing,Low,
GRNQ,0001597846,,,,other,https://www.sec.gov/cgi-bin/browse-edgar?CIK=0001597846&action=filing,Low,
CNEY,0001780785,0001477932-25-001105,2024,"NO. 268 SHINIU ROAD, LIANDU DISTRICT, LISHUI CITY F4 323010",principal_office,https://www.sec.gov/cgi-bin/viewer?action=view&cik=0001780785&accession_number=0001477932-25-001105&xbrl_type=r,High,(86) 571-87555823
ANTE,PENDING,,,,other,,Low,
EJH,0001769768,0001213900-25-104179,2025,"FLOOR 9, BUILDING 14, HAIXIBAIYUE TOWN, HEYUAN ROAD, LUZHOU TOWN, CANGSHAN DISTRICT, FUZHOU CITY F4 350001",principal_office,https://www.sec.gov/cgi-bin/viewer?action=view&cik=0001769768&accession_number=0001213900-25-104179&xbrl_type=r,High,86-591-87590668
WTO,0001789299,0001213900-25-074295,2025,"7TH FLOOR BUILDING 5A, SHENZHEN SOFTWARE INDUSTRY BASE, NANSHAN, 8675586512266",principal_office,https://www.sec.gov/cgi-bin/viewer?action=view&cik=0001789299&accession_number=0001213900-25-074295&xbrl_type=r,High,
RDGT,0001856084,0001213900-25-067924,2025,"4TH FLOOR, BUILDING 5, RENXIN YAJU, GONG SHU DISTRICT, HANGZHOU CITY F4 310014, 8657188219579",principal_office,https://www.sec.gov/cgi-bin/viewer?action=view&cik=0001856084&accession_number=0001213900-25-067924&xbrl_type=r,High,
ATXG,0001650101,,,,other,https://www.sec.gov/cgi-bin/browse-edgar?CIK=0001650101&action=filing,Low,
CHNR,0000793628,0001079973-25-000827,2024,"RM 2205 22F WEST TOWER SHUN TAK CENTRE, 01185228107205",principal_office,https://www.sec.gov/cgi-bin/viewer?action=view&cik=0000793628&accession_number=0001079973-25-000827&xbrl_type=r,High,"SHEUNG WAN, HONG KONG F4 -"
JWEL,0001805594,0001213900-25-041556,2024,"FLOOR.2, NO.285 JIANGPU ROAD, YANGPU DISTRICT, SHANGHAI F4 200136, 01186 2155216256",principal_office,https://www.sec.gov/cgi-bin/viewer?action=view&cik=0001805594&accession_number=0001213900-25-041556&xbrl_type=r,High,
SNTG,0001810467,0001213900-25-042842,2024,"501, PLATINUM TOWER, 233 TAICANG RD, HUANGPU, SHANGHAI F4 200020",principal_office,https://www.sec.gov/cgi-bin/viewer?action=view&cik=0001810467&accession_number=0001213900-25-042842&xbrl_type=r,High,86-21 5386 0209
FTFT,0001066923,,,,other,https://www.sec.gov/cgi-bin/browse-edgar?CIK=0001066923&action=filing,Low,
HAO,0001954594,0001213900-25-100369,2025,"801/802, TOWER C, BUILDING 103, HUIZHONGLI, CHAOYANG DISTRICT, BEIJING 100101",principal_office,https://www.sec.gov/cgi-bin/viewer?action=view&cik=0001954594&accession_number=0001213900-25-100369&xbrl_type=r,High,86-10-13311587976
OST,0001803407,0001213900-25-007016,2024,"ROOM 101 BUILDING 2 KECHUANG ROAD 1, QIXIA DISTRICT, NANJIANG JIANGSU F4 231300, 8602558595234",principal_office,https://www.sec.gov/cgi-bin/viewer?action=view&cik=0001803407&accession_number=0001213900-25-007016&xbrl_type=r,High,
CPHI,0001106644,,,,other,https://www.sec.gov/cgi-bin/browse-edgar?CIK=0001106644&action=filing,Low,
AEHL,0001470683,0001641172-25-008020,2024,"THE EMPIRE STATE BUILDING, 350 FIFTH AVENUE, SUITE 7540, NEW YORK NY 10118",principal_office,https://www.sec.gov/cgi-bin/viewer?action=view&cik=0001470683&accession_number=0001641172-25-008020&xbrl_type=r,High,1-838-500 8888
BON,0001816815,0001493152-25-003851,2024,"ROOM 601, BLOCK C, GAZELLE VALLEY, NO.69, JINYE ROAD, HIGH-TECH ZONE, XIAN, SHAANXI F4 710076",principal_office,https://www.sec.gov/cgi-bin/viewer?action=view&cik=0001816815&accession_number=0001493152-25-003851&xbrl_type=r,High,0086-29-88346301
AGMH,0001705402,0001213900-25-042324,2024,"BUILDING, 185 WANCHAI ROAD, WANCHAI K3 00000, 86 010 65020507",principal_office,https://www.sec.gov/cgi-bin/viewer?action=view&cik=0001705402&accession_number=0001213900-25-042324&xbrl_type=r,High,"ROOM 1502-3 15/F., CONNUAGHT COMMERCIAL"
TAOP,0001552670,0001641172-25-006699,2024,"21ST FLOOR, EVERBRIGHT BANK BUILDING, ZHUZILIN, FUTIAN DISTRICT, GUANGDONG, SHENZHEN F4 518040",principal_office,https://www.sec.gov/cgi-bin/viewer?action=view&cik=0001552670&accession_number=0001641172-25-006699&xbrl_type=r,High,(86) 755-8831-9888
TANH,0001588084,0001477932-25-003802,2024,"NO. 10 CEN SHAN RD, SHUIGE INDTRL ZONE, LISHUI CITY, ZHEJIANG F4 323000, 86 578 226 2309",principal_office,https://www.sec.gov/cgi-bin/viewer?action=view&cik=0001588084&accession_number=0001477932-25-003802&xbrl_type=r,High,
JXG,0001546383,0001213900-25-043744,2024,"BIN HAI DA DAO NO. 270, LANG QIN WAN GUO, JI DU JIA CUN ZONG HE LOU, XIU YING DIST, HAIKOU CITY, HAINAN PROVINCE F4 570100",principal_office,https://www.sec.gov/cgi-bin/viewer?action=view&cik=0001546383&accession_number=0001213900-25-043744&xbrl_type=r,High,(86) 595 8889 6198
BAOS,0001811216,0001410578-25-000994,2024,"EAST FLOOR 5, BUILDING NO. 8, XISHANHUI SHIJINGSHAN DISTRICT, BEIJING F4 100041",principal_office,https://www.sec.gov/cgi-bin/viewer?action=view&cik=0001811216&accession_number=0001410578-25-000994&xbrl_type=r,High,(86) 010-82088021
ITP,0001358190,,,,other,https://www.sec.gov/cgi-bin/browse-edgar?CIK=0001358190&action=filing,Low,
NXTT,0001784970,,,,other,https://www.sec.gov/cgi-bin/browse-edgar?CIK=0001784970&action=filing,Low,
LICN,0001876766,0001213900-25-036244,2024,"B2306, BLOCK B TOWER 3,, JINJIANG WANDA PLAZA COMMERCIAL COMPLEX, JINJIANG CITY, FUJIAN PROVINCE F4 00000",principal_office,https://www.sec.gov/cgi-bin/viewer?action=view&cik=0001876766&accession_number=0001213900-25-036244&xbrl_type=r,High,(86) 4008350088
TCTM,PENDING,,,,other,,Low,
CNET,0001376321,,,,other,https://www.sec.gov/cgi-bin/browse-edgar?CIK=0001376321&action=filing,Low,
IFBD,0001815566,0001731122-25-000559,2024,"UNIT 532A, 5/F, CR BLD 2, 1 SCIENCE PARK, WEST AVENUE, HONG KONG SCNC PARK, TAI PO, N.T. HONG KONG K3 000000, 8601052411819",principal_office,https://www.sec.gov/cgi-bin/viewer?action=view&cik=0001815566&accession_number=0001731122-25-000559&xbrl_type=r,High,
BQ,0001815021,0001213900-25-065802,2025,"FLOOR 6, BUILDING 1, NO. 399, SHENGXIA ROAD, PUDONG NEW DISTRICT, SHANGHAI",principal_office,https://www.sec.gov/cgi-bin/viewer?action=view&cik=0001815021&accession_number=0001213900-25-065802&xbrl_type=r,High,86-21-6109-6226
EZGO,0001806904,0001213900-25-004698,2024,"BUIDLING A FLOOR 2, WUJIN DISTRICT CHANGZHOU CITY F4 213164, 8651983683805",principal_office,https://www.sec.gov/cgi-bin/viewer?action=view&cik=0001806904&accession_number=0001213900-25-004698&xbrl_type=r,High,
UOKA,0001741534,0001410578-25-000719,2024,"FERNIE CASTLE, LETHAM, CUPAR X0 KY15 7RU",principal_office,https://www.sec.gov/cgi-bin/viewer?action=view&cik=0001741534&accession_number=0001410578-25-000719&xbrl_type=r,High,44-01337 829349
TC,0001743340,0001013762-25-004225,2024,"9F, RUIHAI BUILDING, NO. 21 YANGFANGDIAN ROAD, BEIJING F4 100038, 00861063998902",principal_office,https://www.sec.gov/cgi-bin/viewer?action=view&cik=0001743340&accession_number=0001013762-25-004225&xbrl_type=r,High,
SXTC,0001723980,0001213900-25-069688,2025,"178 TAIDONG ROAD NORTH, TAIZHOU F4 225300, 8652386298290",principal_office,https://www.sec.gov/cgi-bin/viewer?action=view&cik=0001723980&accession_number=0001213900-25-069688&xbrl_type=r,High,
UPC,0001809616,0001213900-25-036798,2024,"265 JINGJIU AVENUE, JINGGANGSHAN ECON. AND TECH. DEV. ZONE, JI'AN, JIANGXI F4 343100",principal_office,https://www.sec.gov/cgi-bin/viewer?action=view&cik=0001809616&accession_number=0001213900-25-036798&xbrl_type=r,High,86-0796-8403309
KXIN,0001713539,0001410578-25-000574,2024,"DONGJIN INTERNATIONAL CENTER, BUILDING A, UNIT 903, CHAOYANG DISTRICT, BEIJING F4 100022, 86 1067204948",principal_office,https://www.sec.gov/cgi-bin/viewer?action=view&cik=0001713539&accession_number=0001410578-25-000574&xbrl_type=r,High,
UK,0001821424,0001213900-25-036276,2024,"FLOOR 8, TOWER D, NO.2 GUANG HUA ROAD, CHAOYANG DISTRICT, BEIJING F4 100026",principal_office,https://www.sec.gov/cgi-bin/viewer?action=view&cik=0001821424&accession_number=0001213900-25-036276&xbrl_type=r,High,86 (10) 6506-7789
XTKG,0001754323,0001213900-25-035626,2024,"SUITE 412, TOWER A, TAI SENG EXCHANGE, ONE TAI SENG AVENUE, SINGAPORE U0 536464",principal_office,https://www.sec.gov/cgi-bin/viewer?action=view&cik=0001754323&accession_number=0001213900-25-035626&xbrl_type=r,High,86-756-339-5666
