parent_ticker,parent_cik10,parent_name,incorp_country_iso3,incorp_state_or_region,legal_form,latest_20f_year,latest_20f_accession,sources_used,lineage
AACG,0001420529,ATA Creativity Global,,Cayman Islands,,,,DEI|CIK,"{""dei_path"": ""data\\intermediate\\dei_facts_20251008.csv"", ""cik_path"": ""data\\intermediate\\cik_map_20251008.csv""}"
AAM,0002012964,"AA Mission
Acquisition Corp.",,Cayman Islands,,,,USCC|DEI|CIK|submissions,"{""uscc_path"": ""data\\raw\\USCC\\20251008_chinese_companies_USA.csv"", ""dei_path"": ""data\\intermediate\\dei_facts_20251008.csv"", ""cik_path"": ""data\\intermediate\\cik_map_20251008.csv"", ""submissions_path"": ""data\\raw\\EDGAR\\AAM\\submissions.json""}"
AAPG,0002023311,ASCENTAGE PHARMA GROUP INTERNATIONAL,,Cayman Islands,,,,DEI|CIK,"{""dei_path"": ""data\\intermediate\\dei_facts_20251008.csv"", ""cik_path"": ""data\\intermediate\\cik_map_20251008.csv""}"
ABLV,0001957489,Able View Global Inc.,,Cayman Islands,Corporation,,,DEI|CIK,"{""dei_path"": ""data\\intermediate\\dei_facts_20251008.csv"", ""cik_path"": ""data\\intermediate\\cik_map_20251008.csv""}"
ACMR,0001680062,"ACM Research, Inc.",,CA,,,,submissions|DEI|CIK,"{""submissions_path"": ""data\\raw\\EDGAR\\ACMR\\submissions.json"", ""dei_path"": ""data\\intermediate\\dei_facts_20251008.csv"", ""cik_path"": ""data\\intermediate\\cik_map_20251008.csv""}"
ADAG,0001818838,Adagene Inc.,,Cayman Islands,Corporation,,,DEI|CIK,"{""dei_path"": ""data\\intermediate\\dei_facts_20251008.csv"", ""cik_path"": ""data\\intermediate\\cik_map_20251008.csv""}"
AEHL,0001470683,Antelope Enterprise Holdings Limited,,British Virgin Islands,Limited,,,DEI|CIK,"{""dei_path"": ""data\\intermediate\\dei_facts_20251008.csv"", ""cik_path"": ""data\\intermediate\\cik_map_20251008.csv""}"
AGMH,0001705402,AGM Group Holdings Inc.,,British Virgin Islands,Corporation,,,DEI|CIK,"{""dei_path"": ""data\\intermediate\\dei_facts_20251008.csv"", ""cik_path"": ""data\\intermediate\\cik_map_20251008.csv""}"
AHG,0001702318,Akso Health Group,,Cayman Islands,,,,DEI|CIK,"{""dei_path"": ""data\\intermediate\\dei_facts_20251008.csv"", ""cik_path"": ""data\\intermediate\\cik_map_20251008.csv""}"
AIFU,0001413855,AIFU Inc.,,Cayman Islands,Corporation,,,DEI|CIK,"{""dei_path"": ""data\\intermediate\\dei_facts_20251008.csv"", ""cik_path"": ""data\\intermediate\\cik_map_20251008.csv""}"
AIHS,0001711012,Senmiao Technology Ltd,,NV,,,,submissions|DEI|CIK,"{""submissions_path"": ""data\\raw\\EDGAR\\AIHS\\submissions.json"", ""dei_path"": ""data\\intermediate\\dei_facts_20251008.csv"", ""cik_path"": ""data\\intermediate\\cik_map_20251008.csv""}"
AIXI,0001935172,XIAO-I CORPORATION,,Cayman Islands,Corporation,,,DEI|CIK,"{""dei_path"": ""data\\intermediate\\dei_facts_20251008.csv"", ""cik_path"": ""data\\intermediate\\cik_map_20251008.csv""}"
ANL,0001944552,Adlai Nortye Ltd.,,Cayman Islands,Limited,,,DEI|CIK,"{""dei_path"": ""data\\intermediate\\dei_facts_20251008.csv"", ""cik_path"": ""data\\intermediate\\cik_map_20251008.csv""}"
ANTE,PENDING,AIRNET TECHNOLOGY INC.,,Cayman Islands,Corporation,,,DEI|CIK,"{""dei_path"": ""data\\intermediate\\dei_facts_20251008.csv"", ""cik_path"": ""data\\intermediate\\cik_map_20251008.csv""}"
ATAT,0001853717,Atour Lifestyle Holdings Limited,,Cayman Islands,Limited,,,DEI|CIK,"{""dei_path"": ""data\\intermediate\\dei_facts_20251008.csv"", ""cik_path"": ""data\\intermediate\\cik_map_20251008.csv""}"
ATHM,0001527636,Autohome Inc.,,Cayman Islands,Corporation,,,DEI|CIK,"{""dei_path"": ""data\\intermediate\\dei_facts_20251008.csv"", ""cik_path"": ""data\\intermediate\\cik_map_20251008.csv""}"
ATXG,0001650101,ADDENTAX GROUP CORP.,,NV,,,,submissions|DEI|CIK,"{""submissions_path"": ""data\\raw\\EDGAR\\ATXG\\submissions.json"", ""dei_path"": ""data\\intermediate\\dei_facts_20251008.csv"", ""cik_path"": ""data\\intermediate\\cik_map_20251008.csv""}"
AZI,0001959726,AUTOZI INTERNET TECHNOLOGY (GLOBAL) LTD.,,Cayman Islands,Limited,,,DEI|CIK,"{""dei_path"": ""data\\intermediate\\dei_facts_20251008.csv"", ""cik_path"": ""data\\intermediate\\cik_map_20251008.csv""}"
BABA,0001577552,Alibaba Group Holding Limited,,Cayman Islands,Limited,,,DEI|CIK,"{""dei_path"": ""data\\intermediate\\dei_facts_20251008.csv"", ""cik_path"": ""data\\intermediate\\cik_map_20251008.csv""}"
BAOS,0001811216,Baosheng Media Group Holdings Ltd,,Cayman Islands,Limited,,,DEI|CIK,"{""dei_path"": ""data\\intermediate\\dei_facts_20251008.csv"", ""cik_path"": ""data\\intermediate\\cik_map_20251008.csv""}"
BEDU,0001696355,Bright Scholar Education Holdings Limited,,Cayman Islands,Limited,,,DEI|CIK,"{""dei_path"": ""data\\intermediate\\dei_facts_20251008.csv"", ""cik_path"": ""data\\intermediate\\cik_map_20251008.csv""}"
BEKE,0001809587,KE Holdings Inc.,,Cayman Islands,Corporation,,,DEI|CIK,"{""dei_path"": ""data\\intermediate\\dei_facts_20251008.csv"", ""cik_path"": ""data\\intermediate\\cik_map_20251008.csv""}"
BGM,0001779578,BGM Group Ltd,,Cayman Islands,Limited,,,DEI|CIK,"{""dei_path"": ""data\\intermediate\\dei_facts_20251008.csv"", ""cik_path"": ""data\\intermediate\\cik_map_20251008.csv""}"
BHAT,0001759136,Blue Hat Interactive Entertainment Technology,,Cayman Islands,,,,DEI|CIK,"{""dei_path"": ""data\\intermediate\\dei_facts_20251008.csv"", ""cik_path"": ""data\\intermediate\\cik_map_20251008.csv""}"
BIDU,0001329099,"Baidu, Inc.",,Cayman Islands,Corporation,,,DEI|CIK,"{""dei_path"": ""data\\intermediate\\dei_facts_20251008.csv"", ""cik_path"": ""data\\intermediate\\cik_map_20251008.csv""}"
BILI,0001723690,Bilibili Inc.,,Cayman Islands,Corporation,,,DEI|CIK,"{""dei_path"": ""data\\intermediate\\dei_facts_20251008.csv"", ""cik_path"": ""data\\intermediate\\cik_map_20251008.csv""}"
BNR,0001792267,Burning Rock Biotech Limited,,Cayman Islands,Limited,,,DEI|CIK,"{""dei_path"": ""data\\intermediate\\dei_facts_20251008.csv"", ""cik_path"": ""data\\intermediate\\cik_map_20251008.csv""}"
BON,0001816815,BON NATURAL LIFE LIMITED,,Cayman Islands,Limited,,,DEI|CIK,"{""dei_path"": ""data\\intermediate\\dei_facts_20251008.csv"", ""cik_path"": ""data\\intermediate\\cik_map_20251008.csv""}"
BQ,0001815021,BOQII HOLDING LIMITED,,Cayman Islands,Limited,,,DEI|CIK,"{""dei_path"": ""data\\intermediate\\dei_facts_20251008.csv"", ""cik_path"": ""data\\intermediate\\cik_map_20251008.csv""}"
BTCM,0001517496,BIT Mining Limited,,Cayman Islands,Limited,,,DEI|CIK,"{""dei_path"": ""data\\intermediate\\dei_facts_20251008.csv"", ""cik_path"": ""data\\intermediate\\cik_map_20251008.csv""}"
BTCT,0001796514,BTC Digital Ltd.,,Cayman Islands,Limited,,,DEI|CIK,"{""dei_path"": ""data\\intermediate\\dei_facts_20251008.csv"", ""cik_path"": ""data\\intermediate\\cik_map_20251008.csv""}"
BZ,0001842827,KANZHUN LIMITED,,Cayman Islands,Limited,,,DEI|CIK,"{""dei_path"": ""data\\intermediate\\dei_facts_20251008.csv"", ""cik_path"": ""data\\intermediate\\cik_map_20251008.csv""}"
BZUN,0001625414,Baozun Inc.,,Cayman Islands,Corporation,,,DEI|CIK,"{""dei_path"": ""data\\intermediate\\dei_facts_20251008.csv"", ""cik_path"": ""data\\intermediate\\cik_map_20251008.csv""}"
CAAS,0002037400,"China Automotive Systems, Inc.",,Cayman Islands,,,,submissions|DEI|CIK,"{""submissions_path"": ""data\\raw\\EDGAR\\CAAS\\submissions.json"", ""dei_path"": ""data\\intermediate\\dei_facts_20251008.csv"", ""cik_path"": ""data\\intermediate\\cik_map_20251008.csv""}"
CAN,0001780652,Canaan Inc.,,Cayman Islands,Corporation,,,DEI|CIK,"{""dei_path"": ""data\\intermediate\\dei_facts_20251008.csv"", ""cik_path"": ""data\\intermediate\\cik_map_20251008.csv""}"
CANG,0001725123,Cango Inc.,,Hong Kong,Corporation,,,DEI|CIK,"{""dei_path"": ""data\\intermediate\\dei_facts_20251008.csv"", ""cik_path"": ""data\\intermediate\\cik_map_20251008.csv""}"
CASI,0001962738,"CASI PHARMACEUTICALS, INC.",,Cayman Islands,Corporation,,,DEI|CIK,"{""dei_path"": ""data\\intermediate\\dei_facts_20251008.csv"", ""cik_path"": ""data\\intermediate\\cik_map_20251008.csv""}"
CBAT,0001117171,"CBAK Energy Technology, Inc.",,NV,,,,submissions|DEI|CIK,"{""submissions_path"": ""data\\raw\\EDGAR\\CBAT\\submissions.json"", ""dei_path"": ""data\\intermediate\\dei_facts_20251008.csv"", ""cik_path"": ""data\\intermediate\\cik_map_20251008.csv""}"
CCG,0001965473,Cheche Group Inc.,,Cayman Islands,Corporation,,,DEI|CIK,"{""dei_path"": ""data\\intermediate\\dei_facts_20251008.csv"", ""cik_path"": ""data\\intermediate\\cik_map_20251008.csv""}"
CCM,0001472072,Concord Medical Services Holdings Ltd,,Cayman Islands,Limited,,,DEI|CIK,"{""dei_path"": ""data\\intermediate\\dei_facts_20251008.csv"", ""cik_path"": ""data\\intermediate\\cik_map_20251008.csv""}"
CDTG,0001793895,CDT Environmental Technology Investment Holdings Limited,,Cayman Islands,Limited,,,DEI|CIK,"{""dei_path"": ""data\\intermediate\\dei_facts_20251008.csv"", ""cik_path"": ""data\\intermediate\\cik_map_20251008.csv""}"
CHNR,0000793628,"CHINA NATURAL RESOURCES, INC.",,"Virgin Islands, British",Corporation,,,DEI|CIK|submissions,"{""dei_path"": ""data\\intermediate\\dei_facts_20251008.csv"", ""cik_path"": ""data\\intermediate\\cik_map_20251008.csv"", ""submissions_path"": ""data\\raw\\EDGAR\\CHNR\\submissions.json""}"
CHR,0001738758,"CHEER HOLDING, INC.",,Cayman Islands,Corporation,,,DEI|CIK,"{""dei_path"": ""data\\intermediate\\dei_facts_20251008.csv"", ""cik_path"": ""data\\intermediate\\cik_map_20251008.csv""}"
CHSN,0001825349,Chanson International Holding,,Cayman Islands,,,,DEI|CIK,"{""dei_path"": ""data\\intermediate\\dei_facts_20251008.csv"", ""cik_path"": ""data\\intermediate\\cik_map_20251008.csv""}"
CLPS,0001724542,CLPS Incorporation,,Cayman Islands,Corporation,,,DEI|CIK,"{""dei_path"": ""data\\intermediate\\dei_facts_20251008.csv"", ""cik_path"": ""data\\intermediate\\cik_map_20251008.csv""}"
CMCM,0001597835,Cheetah Mobile Inc.,,Cayman Islands,Corporation,,,DEI|CIK,"{""dei_path"": ""data\\intermediate\\dei_facts_20251008.csv"", ""cik_path"": ""data\\intermediate\\cik_map_20251008.csv""}"
CNET,0001376321,ZW Data Action Technologies Inc.,,NV,,,,submissions|DEI|CIK,"{""submissions_path"": ""data\\raw\\EDGAR\\CNET\\submissions.json"", ""dei_path"": ""data\\intermediate\\dei_facts_20251008.csv"", ""cik_path"": ""data\\intermediate\\cik_map_20251008.csv""}"
CNEY,0001780785,CN ENERGY GROUP. INC.,,British Virgin Islands,Corporation,,,DEI|CIK,"{""dei_path"": ""data\\intermediate\\dei_facts_20251008.csv"", ""cik_path"": ""data\\intermediate\\cik_map_20251008.csv""}"
CNF,0001733868,CNFinance Holdings Limited,,Cayman Islands,Limited,,,DEI|CIK,"{""dei_path"": ""data\\intermediate\\dei_facts_20251008.csv"", ""cik_path"": ""data\\intermediate\\cik_map_20251008.csv""}"
COE,0001659494,51Talk Online Education Group,,Cayman Islands,,,,DEI|CIK,"{""dei_path"": ""data\\intermediate\\dei_facts_20251008.csv"", ""cik_path"": ""data\\intermediate\\cik_map_20251008.csv""}"
CPHI,0001106644,"CHINA PHARMA HOLDINGS, INC.",,DE,,,,submissions|DEI|CIK,"{""submissions_path"": ""data\\raw\\EDGAR\\CPHI\\submissions.json"", ""dei_path"": ""data\\intermediate\\dei_facts_20251008.csv"", ""cik_path"": ""data\\intermediate\\cik_map_20251008.csv""}"
CPOP,0001807389,"Pop Culture Group Co., Ltd",,Cayman Islands,Limited,,,DEI|CIK,"{""dei_path"": ""data\\intermediate\\dei_facts_20251008.csv"", ""cik_path"": ""data\\intermediate\\cik_map_20251008.csv""}"
CREG,0000721693,Smart Powerr Corp.,,NV,,,,submissions|DEI|CIK,"{""submissions_path"": ""data\\raw\\EDGAR\\CREG\\submissions.json"", ""dei_path"": ""data\\intermediate\\dei_facts_20251008.csv"", ""cik_path"": ""data\\intermediate\\cik_map_20251008.csv""}"
CSIQ,0001375877,CANADIAN SOLAR INC.,,Ontario,Corporation,,,DEI|CIK,"{""dei_path"": ""data\\intermediate\\dei_facts_20251008.csv"", ""cik_path"": ""data\\intermediate\\cik_map_20251008.csv""}"
DDC,0001808110,DDC Enterprise Limited,,Cayman Islands,Limited,,,DEI|CIK,"{""dei_path"": ""data\\intermediate\\dei_facts_20251008.csv"", ""cik_path"": ""data\\intermediate\\cik_map_20251008.csv""}"
DDL,0001854545,Dingdong (Cayman) Limited,,Hong Kong,Limited,,,DEI|CIK,"{""dei_path"": ""data\\intermediate\\dei_facts_20251008.csv"", ""cik_path"": ""data\\intermediate\\cik_map_20251008.csv""}"
DOGZ,0001707303,Dogness (International) Corporation,,British Virgin Islands,Corporation,,,DEI|CIK,"{""dei_path"": ""data\\intermediate\\dei_facts_20251008.csv"", ""cik_path"": ""data\\intermediate\\cik_map_20251008.csv""}"
DQ,0001477641,DAQO NEW ENERGY CORP.,,Cayman Islands,Corporation,,,DEI|CIK,"{""dei_path"": ""data\\intermediate\\dei_facts_20251008.csv"", ""cik_path"": ""data\\intermediate\\cik_map_20251008.csv""}"
DSWL,0000946936,"DESWELL INDUSTRIES, INC.",,British Virgin Islands,Corporation,,,DEI|CIK,"{""dei_path"": ""data\\intermediate\\dei_facts_20251008.csv"", ""cik_path"": ""data\\intermediate\\cik_map_20251008.csv""}"
DTSS,0001631282,DATASEA INC.,,NV,,,,submissions|DEI|CIK,"{""submissions_path"": ""data\\raw\\EDGAR\\DTSS\\submissions.json"", ""dei_path"": ""data\\intermediate\\dei_facts_20251008.csv"", ""cik_path"": ""data\\intermediate\\cik_map_20251008.csv""}"
DUO,0001750593,Fangdd Network Group Ltd.,,Cayman Islands,Limited,,,DEI|CIK,"{""dei_path"": ""data\\intermediate\\dei_facts_20251008.csv"", ""cik_path"": ""data\\intermediate\\cik_map_20251008.csv""}"
DXST,0001958133,Decent Holding Inc.,,Cayman Islands,Corporation,,,DEI|CIK,"{""dei_path"": ""data\\intermediate\\dei_facts_20251008.csv"", ""cik_path"": ""data\\intermediate\\cik_map_20251008.csv""}"
EBON,0001799290,EBANG INTERNATIONAL HOLDINGS INC.,,Cayman Islands,Corporation,,,DEI|CIK,"{""dei_path"": ""data\\intermediate\\dei_facts_20251008.csv"", ""cik_path"": ""data\\intermediate\\cik_map_20251008.csv""}"
EDTK,0001782309,Skillful Craftsman Education Technology Limited,,Cayman Islands,Limited,,,DEI|CIK,"{""dei_path"": ""data\\intermediate\\dei_facts_20251008.csv"", ""cik_path"": ""data\\intermediate\\cik_map_20251008.csv""}"
EDU,0001372920,NEW ORIENTAL EDUCATION & TECHNOLOGY GROUP INC.,,Cayman Islands,Corporation,,,DEI|CIK,"{""dei_path"": ""data\\intermediate\\dei_facts_20251008.csv"", ""cik_path"": ""data\\intermediate\\cik_map_20251008.csv""}"
EH,0001759783,EHang Holdings Limited,,Hong Kong,Limited,,,DEI|CIK,"{""dei_path"": ""data\\intermediate\\dei_facts_20251008.csv"", ""cik_path"": ""data\\intermediate\\cik_map_20251008.csv""}"
EHGO,0001879754,Eshallgo Inc,,Cayman Islands,Corporation,,,DEI|CIK,"{""dei_path"": ""data\\intermediate\\dei_facts_20251008.csv"", ""cik_path"": ""data\\intermediate\\cik_map_20251008.csv""}"
EJH,0001769768,E-Home Household Service Holdings Limited,,Cayman Islands,Limited,,,DEI|CIK,"{""dei_path"": ""data\\intermediate\\dei_facts_20251008.csv"", ""cik_path"": ""data\\intermediate\\cik_map_20251008.csv""}"
EM,0001834253,Smart Share Global Ltd,,Cayman Islands,Limited,,,DEI|CIK,"{""dei_path"": ""data\\intermediate\\dei_facts_20251008.csv"", ""cik_path"": ""data\\intermediate\\cik_map_20251008.csv""}"
ENFY,0000857949,Enlightify Inc.,,NV,,,,submissions|DEI|CIK,"{""submissions_path"": ""data\\raw\\EDGAR\\ENFY\\submissions.json"", ""dei_path"": ""data\\intermediate\\dei_facts_20251008.csv"", ""cik_path"": ""data\\intermediate\\cik_map_20251008.csv""}"
EPOW,0001780731,"Sunrise New Energy Co., Ltd.",,Cayman Islands,Limited,,,DEI|CIK,"{""dei_path"": ""data\\intermediate\\dei_facts_20251008.csv"", ""cik_path"": ""data\\intermediate\\cik_map_20251008.csv""}"
EPWK,0001900720,EPWK Holdings Ltd.,,VA,,,,submissions|DEI|CIK,"{""submissions_path"": ""data\\raw\\EDGAR\\EPWK\\submissions.json"", ""dei_path"": ""data\\intermediate\\dei_facts_20251008.csv"", ""cik_path"": ""data\\intermediate\\cik_map_20251008.csv""}"
EZGO,0001806904,EZGO Technologies Ltd.,,British Virgin Islands,Limited,,,DEI|CIK,"{""dei_path"": ""data\\intermediate\\dei_facts_20251008.csv"", ""cik_path"": ""data\\intermediate\\cik_map_20251008.csv""}"
FEBO,0001957001,FENBO HOLDINGS LIMITED,,Cayman Islands,Limited,,,DEI|CIK,"{""dei_path"": ""data\\intermediate\\dei_facts_20251008.csv"", ""cik_path"": ""data\\intermediate\\cik_map_20251008.csv""}"
FEDU,0001709819,Four Seasons Education (Cayman) Inc.,,Cayman Islands,Corporation,,,DEI|CIK,"{""dei_path"": ""data\\intermediate\\dei_facts_20251008.csv"", ""cik_path"": ""data\\intermediate\\cik_map_20251008.csv""}"
FENG,0001509646,Phoenix New Media Limited,,Hong Kong,Limited,,,DEI|CIK,"{""dei_path"": ""data\\intermediate\\dei_facts_20251008.csv"", ""cik_path"": ""data\\intermediate\\cik_map_20251008.csv""}"
FINV,0001691445,FinVolution Group,,Cayman Islands,,,,DEI|CIK,"{""dei_path"": ""data\\intermediate\\dei_facts_20251008.csv"", ""cik_path"": ""data\\intermediate\\cik_map_20251008.csv""}"
FLX,0001858724,BingEx Limited,,Cayman Islands,Limited,,,DEI|CIK,"{""dei_path"": ""data\\intermediate\\dei_facts_20251008.csv"", ""cik_path"": ""data\\intermediate\\cik_map_20251008.csv""}"
FNGR,0001602409,"FingerMotion, Inc.",,DE,,,,submissions|DEI|CIK,"{""submissions_path"": ""data\\raw\\EDGAR\\FNGR\\submissions.json"", ""dei_path"": ""data\\intermediate\\dei_facts_20251008.csv"", ""cik_path"": ""data\\intermediate\\cik_map_20251008.csv""}"
FTFT,0001066923,Future FinTech Group Inc.,,FL,,,,submissions|DEI|CIK,"{""submissions_path"": ""data\\raw\\EDGAR\\FTFT\\submissions.json"", ""dei_path"": ""data\\intermediate\\dei_facts_20251008.csv"", ""cik_path"": ""data\\intermediate\\cik_map_20251008.csv""}"
FVNNU,0002010653,Future Vision II Acquisition Corp.,,Cayman Islands,,,,submissions|DEI|CIK,"{""submissions_path"": ""data\\raw\\EDGAR\\FVNNU\\submissions.json"", ""dei_path"": ""data\\intermediate\\dei_facts_20251008.csv"", ""cik_path"": ""data\\intermediate\\cik_map_20251008.csv""}"
GCT,0001857816,GIGACLOUD TECHNOLOGY INC,,Cayman Islands,Corporation,,,DEI|CIK,"{""dei_path"": ""data\\intermediate\\dei_facts_20251008.csv"", ""cik_path"": ""data\\intermediate\\cik_map_20251008.csv""}"
GDC,0001641398,GD Culture Group Ltd,,NV,,,,submissions|DEI|CIK,"{""submissions_path"": ""data\\raw\\EDGAR\\GDC\\submissions.json"", ""dei_path"": ""data\\intermediate\\dei_facts_20251008.csv"", ""cik_path"": ""data\\intermediate\\cik_map_20251008.csv""}"
GDHG,0001928340,Golden Heaven Group Holdings Ltd.,,Cayman Islands,Limited,,,DEI|CIK,"{""dei_path"": ""data\\intermediate\\dei_facts_20251008.csv"", ""cik_path"": ""data\\intermediate\\cik_map_20251008.csv""}"
GDS,0001526125,GDS Holdings Limited,,Cayman Islands,Limited,,,DEI|CIK,"{""dei_path"": ""data\\intermediate\\dei_facts_20251008.csv"", ""cik_path"": ""data\\intermediate\\cik_map_20251008.csv""}"
GHG,0001724755,GreenTree Hospitality Group Ltd.,,Cayman Islands,Limited,,,DEI|CIK,"{""dei_path"": ""data\\intermediate\\dei_facts_20251008.csv"", ""cik_path"": ""data\\intermediate\\cik_map_20251008.csv""}"
GMM,0001913749,GLOBAL MOFY AI LIMITED,,Cayman Islands,Limited,,,DEI|CIK,"{""dei_path"": ""data\\intermediate\\dei_facts_20251008.csv"", ""cik_path"": ""data\\intermediate\\cik_map_20251008.csv""}"
GOTU,0001768259,Gaotu Techedu Inc.,,Cayman Islands,Corporation,,,DEI|CIK,"{""dei_path"": ""data\\intermediate\\dei_facts_20251008.csv"", ""cik_path"": ""data\\intermediate\\cik_map_20251008.csv""}"
GRNQ,0001597846,Greenpro Capital Corp.,,NV,,,,submissions|DEI|CIK,"{""submissions_path"": ""data\\raw\\EDGAR\\GRNQ\\submissions.json"", ""dei_path"": ""data\\intermediate\\dei_facts_20251008.csv"", ""cik_path"": ""data\\intermediate\\cik_map_20251008.csv""}"
GTEC,0001735041,Greenland Technologies Holding Corp.,,"Virgin Islands, British",,,,submissions|DEI|CIK,"{""submissions_path"": ""data\\raw\\EDGAR\\GTEC\\submissions.json"", ""dei_path"": ""data\\intermediate\\dei_facts_20251008.csv"", ""cik_path"": ""data\\intermediate\\cik_map_20251008.csv""}"
GURE,0000885462,"GULF RESOURCES, INC.",,NV,,,,submissions|DEI|CIK,"{""submissions_path"": ""data\\raw\\EDGAR\\GURE\\submissions.json"", ""dei_path"": ""data\\intermediate\\dei_facts_20251008.csv"", ""cik_path"": ""data\\intermediate\\cik_map_20251008.csv""}"
HAO,0001954594,Haoxi Health Technology Limited,,Cayman Islands,Limited,,,DEI|CIK,"{""dei_path"": ""data\\intermediate\\dei_facts_20251008.csv"", ""cik_path"": ""data\\intermediate\\cik_map_20251008.csv""}"
HCAI,0001958399,"Huachen AI Parking Management Technology Holding Co., Ltd",,Cayman Islands,Limited,,,DEI|CIK,"{""dei_path"": ""data\\intermediate\\dei_facts_20251008.csv"", ""cik_path"": ""data\\intermediate\\cik_map_20251008.csv""}"
HCM,0001648257,HutchMED (China) LIMITED,,Cayman Islands,Limited,,,DEI|CIK,"{""dei_path"": ""data\\intermediate\\dei_facts_20251008.csv"", ""cik_path"": ""data\\intermediate\\cik_map_20251008.csv""}"
HIHO,0001026785,HIGHWAY HOLDINGS LIMITED,,British Virgin Islands,Limited,,,DEI|CIK,"{""dei_path"": ""data\\intermediate\\dei_facts_20251008.csv"", ""cik_path"": ""data\\intermediate\\cik_map_20251008.csv""}"
HKIT,0001742341,HITEK GLOBAL INC.,,Cayman Islands,Corporation,,,DEI|CIK,"{""dei_path"": ""data\\intermediate\\dei_facts_20251008.csv"", ""cik_path"": ""data\\intermediate\\cik_map_20251008.csv""}"
HSAI,0001861737,Hesai Group,,Cayman Islands,,,,DEI|CIK,"{""dei_path"": ""data\\intermediate\\dei_facts_20251008.csv"", ""cik_path"": ""data\\intermediate\\cik_map_20251008.csv""}"
HTHT,0001483994,H World Group Ltd,,Cayman Islands,Limited,,,DEI|CIK|submissions,"{""dei_path"": ""data\\intermediate\\dei_facts_20251008.csv"", ""cik_path"": ""data\\intermediate\\cik_map_20251008.csv"", ""submissions_path"": ""data\\raw\\EDGAR\\HTHT\\submissions.json""}"
HUDI,0001791725,"Huadi International Group Co., Ltd.",,Cayman Islands,Limited,,,DEI|CIK,"{""dei_path"": ""data\\intermediate\\dei_facts_20251008.csv"", ""cik_path"": ""data\\intermediate\\cik_map_20251008.csv""}"
HUHU,0001945415,HUHUTECH International Group Inc.,,Cayman Islands,Corporation,,,DEI|CIK,"{""dei_path"": ""data\\intermediate\\dei_facts_20251008.csv"", ""cik_path"": ""data\\intermediate\\cik_map_20251008.csv""}"
HUIZ,0001778982,Huize Holding Limited,,Cayman Islands,Limited,,,DEI|CIK,"{""dei_path"": ""data\\intermediate\\dei_facts_20251008.csv"", ""cik_path"": ""data\\intermediate\\cik_map_20251008.csv""}"
HUYA,0001728190,HUYA Inc.,,Cayman Islands,Corporation,,,DEI|CIK,"{""dei_path"": ""data\\intermediate\\dei_facts_20251008.csv"", ""cik_path"": ""data\\intermediate\\cik_map_20251008.csv""}"
ICG,0001895597,Intchains Group Limited,,Cayman Islands,Limited,,,DEI|CIK,"{""dei_path"": ""data\\intermediate\\dei_facts_20251008.csv"", ""cik_path"": ""data\\intermediate\\cik_map_20251008.csv""}"
IFBD,0001815566,"Infobird Co., Ltd",,Cayman Islands,Limited,,,DEI|CIK,"{""dei_path"": ""data\\intermediate\\dei_facts_20251008.csv"", ""cik_path"": ""data\\intermediate\\cik_map_20251008.csv""}"
IH,0001814423,iHuman Inc.,,Cayman Islands,Corporation,,,DEI|CIK,"{""dei_path"": ""data\\intermediate\\dei_facts_20251008.csv"", ""cik_path"": ""data\\intermediate\\cik_map_20251008.csv""}"
ILAG,0001814963,INTELLIGENT LIVING APPLICATION GROUP INC.,,Cayman Islands,Corporation,,,DEI|CIK,"{""dei_path"": ""data\\intermediate\\dei_facts_20251008.csv"", ""cik_path"": ""data\\intermediate\\cik_map_20251008.csv""}"
INLF,0001991592,INLIF LIMITED,,Cayman Islands,Limited,,,DEI|CIK,"{""dei_path"": ""data\\intermediate\\dei_facts_20251008.csv"", ""cik_path"": ""data\\intermediate\\cik_map_20251008.csv""}"
IQ,0001722608,"iQIYI, Inc.",,Cayman Islands,Corporation,,,DEI|CIK,"{""dei_path"": ""data\\intermediate\\dei_facts_20251008.csv"", ""cik_path"": ""data\\intermediate\\cik_map_20251008.csv""}"
ITP,0001358190,"IT TECH PACKAGING, INC.",,NV,,,,submissions|DEI|CIK,"{""submissions_path"": ""data\\raw\\EDGAR\\ITP\\submissions.json"", ""dei_path"": ""data\\intermediate\\dei_facts_20251008.csv"", ""cik_path"": ""data\\intermediate\\cik_map_20251008.csv""}"
IZM,0001854572,ICZOOM GROUP INC.,,Cayman Islands,Corporation,,,DEI|CIK,"{""dei_path"": ""data\\intermediate\\dei_facts_20251008.csv"", ""cik_path"": ""data\\intermediate\\cik_map_20251008.csv""}"
JD,0001549802,"JD.com, Inc.",,Cayman Islands,Corporation,,,DEI|CIK,"{""dei_path"": ""data\\intermediate\\dei_facts_20251008.csv"", ""cik_path"": ""data\\intermediate\\cik_map_20251008.csv""}"
JDZG,0001976908,JIADE LIMITED,,Cayman Islands,Limited,,,DEI|CIK,"{""dei_path"": ""data\\intermediate\\dei_facts_20251008.csv"", ""cik_path"": ""data\\intermediate\\cik_map_20251008.csv""}"
JFIN,0001743102,Jiayin Group Inc.,,People's Republic of China,Corporation,,,DEI|CIK,"{""dei_path"": ""data\\intermediate\\dei_facts_20251008.csv"", ""cik_path"": ""data\\intermediate\\cik_map_20251008.csv""}"
JFU,0001619544,9F Inc.,,Cayman Islands,Corporation,,,DEI|CIK,"{""dei_path"": ""data\\intermediate\\dei_facts_20251008.csv"", ""cik_path"": ""data\\intermediate\\cik_map_20251008.csv""}"
JG,0001737339,Aurora Mobile Limited,,Cayman Islands,Limited,,,DEI|CIK,"{""dei_path"": ""data\\intermediate\\dei_facts_20251008.csv"", ""cik_path"": ""data\\intermediate\\cik_map_20251008.csv""}"
JKS,0001481513,"JinkoSolar Holding Co., Ltd.",,Cayman Islands,Limited,,,DEI|CIK,"{""dei_path"": ""data\\intermediate\\dei_facts_20251008.csv"", ""cik_path"": ""data\\intermediate\\cik_map_20251008.csv""}"
JWEL,0001805594,Jowell Global Ltd.,,Cayman Islands,Limited,,,DEI|CIK,"{""dei_path"": ""data\\intermediate\\dei_facts_20251008.csv"", ""cik_path"": ""data\\intermediate\\cik_map_20251008.csv""}"
JXG,0001546383,JX Luxventure group inc.,,Marshall Islands,Corporation,,,DEI|CIK,"{""dei_path"": ""data\\intermediate\\dei_facts_20251008.csv"", ""cik_path"": ""data\\intermediate\\cik_map_20251008.csv""}"
JYD,0001938186,Jayud Global Logistics Limited,,Cayman Islands,Limited,,,DEI|CIK,"{""dei_path"": ""data\\intermediate\\dei_facts_20251008.csv"", ""cik_path"": ""data\\intermediate\\cik_map_20251008.csv""}"
JZ,0001852440,Jianzhi Education Technology Group Company Limited,,Cayman Islands,Limited,,,DEI|CIK,"{""dei_path"": ""data\\intermediate\\dei_facts_20251008.csv"", ""cik_path"": ""data\\intermediate\\cik_map_20251008.csv""}"
JZXN,0001816172,Jiuzi Holdings Inc.,,Cayman Islands,Corporation,,,DEI|CIK,"{""dei_path"": ""data\\intermediate\\dei_facts_20251008.csv"", ""cik_path"": ""data\\intermediate\\cik_map_20251008.csv""}"
KC,0001795589,Kingsoft Cloud Holdings Ltd,,Cayman Islands,Limited,,,DEI|CIK,"{""dei_path"": ""data\\intermediate\\dei_facts_20251008.csv"", ""cik_path"": ""data\\intermediate\\cik_map_20251008.csv""}"
KNDI,0001720250,"Kandi Technologies Group, Inc.",,British Virgin Islands,Corporation,,,DEI|CIK,"{""dei_path"": ""data\\intermediate\\dei_facts_20251008.csv"", ""cik_path"": ""data\\intermediate\\cik_map_20251008.csv""}"
KRKR,0001779476,36Kr Holdings Inc.,,Cayman Islands,Corporation,,,DEI|CIK,"{""dei_path"": ""data\\intermediate\\dei_facts_20251008.csv"", ""cik_path"": ""data\\intermediate\\cik_map_20251008.csv""}"
KUKE,0001809158,Kuke Music Holding Limited,,Cayman Islands,Limited,,,DEI|CIK,"{""dei_path"": ""data\\intermediate\\dei_facts_20251008.csv"", ""cik_path"": ""data\\intermediate\\cik_map_20251008.csv""}"
KXIN,0001713539,Kaixin Holdings,,Cayman Islands,,,,DEI|CIK,"{""dei_path"": ""data\\intermediate\\dei_facts_20251008.csv"", ""cik_path"": ""data\\intermediate\\cik_map_20251008.csv""}"
LBGJ,0001896425,Li Bang International Corporation Inc.,,Cayman Islands,Corporation,,,DEI|CIK,"{""dei_path"": ""data\\intermediate\\dei_facts_20251008.csv"", ""cik_path"": ""data\\intermediate\\cik_map_20251008.csv""}"
LGCL,0001954694,Lucas GC Limited,,Cayman Islands,Limited,,,DEI|CIK,"{""dei_path"": ""data\\intermediate\\dei_facts_20251008.csv"", ""cik_path"": ""data\\intermediate\\cik_map_20251008.csv""}"
LI,0001791706,Li Auto Inc.,,Cayman Islands,Corporation,,,DEI|CIK,"{""dei_path"": ""data\\intermediate\\dei_facts_20251008.csv"", ""cik_path"": ""data\\intermediate\\cik_map_20251008.csv""}"
LICN,0001876766,Lichen International Limited,,Cayman Islands,Limited,,,DEI|CIK,"{""dei_path"": ""data\\intermediate\\dei_facts_20251008.csv"", ""cik_path"": ""data\\intermediate\\cik_map_20251008.csv""}"
LOBO,0001932072,LOBO EV TECHNOLOGIES LTD.,,British Virgin Islands,Limited,,,DEI|CIK,"{""dei_path"": ""data\\intermediate\\dei_facts_20251008.csv"", ""cik_path"": ""data\\intermediate\\cik_map_20251008.csv""}"
LSE,0001985139,"Leishen Energy Holding Co., Ltd.",,Cayman Islands,Limited,,,DEI|CIK,"{""dei_path"": ""data\\intermediate\\dei_facts_20251008.csv"", ""cik_path"": ""data\\intermediate\\cik_map_20251008.csv""}"
LU,0001816007,Lufax Holding Ltd,,Cayman Islands,Limited,,,DEI|CIK,"{""dei_path"": ""data\\intermediate\\dei_facts_20251008.csv"", ""cik_path"": ""data\\intermediate\\cik_map_20251008.csv""}"
LUD,0001984124,LUDA TECHNOLOGY GROUP LIMITED,,Cayman Islands,Limited,,,DEI|CIK,"{""dei_path"": ""data\\intermediate\\dei_facts_20251008.csv"", ""cik_path"": ""data\\intermediate\\cik_map_20251008.csv""}"
LX,0001708259,LexinFintech Holdings Ltd.,,Cayman Islands,Limited,,,DEI|CIK,"{""dei_path"": ""data\\intermediate\\dei_facts_20251008.csv"", ""cik_path"": ""data\\intermediate\\cik_map_20251008.csv""}"
LXEH,0001814067,"Lixiang Education Holding Co., Ltd.",,Cayman Islands,Limited,,,DEI|CIK,"{""dei_path"": ""data\\intermediate\\dei_facts_20251008.csv"", ""cik_path"": ""data\\intermediate\\cik_map_20251008.csv""}"
LZMH,0001967397,LZ Technology Holdings Limited,,Cayman Islands,Limited,,,DEI|CIK,"{""dei_path"": ""data\\intermediate\\dei_facts_20251008.csv"", ""cik_path"": ""data\\intermediate\\cik_map_20251008.csv""}"
MASK,0001993097,3 E Network Technology Group Ltd,,"Virgin Islands, British",,,,submissions|DEI|CIK,"{""submissions_path"": ""data\\raw\\EDGAR\\MASK\\submissions.json"", ""dei_path"": ""data\\intermediate\\dei_facts_20251008.csv"", ""cik_path"": ""data\\intermediate\\cik_map_20251008.csv""}"
MATH,0001682241,Metalpha Technology Holding Limited,,Cayman Islands,Limited,,,DEI|CIK,"{""dei_path"": ""data\\intermediate\\dei_facts_20251008.csv"", ""cik_path"": ""data\\intermediate\\cik_map_20251008.csv""}"
MFH,0001527762,Mercurity Fintech Holding Inc.,,Cayman Islands,Corporation,,,DEI|CIK,"{""dei_path"": ""data\\intermediate\\dei_facts_20251008.csv"", ""cik_path"": ""data\\intermediate\\cik_map_20251008.csv""}"
MGIH,0001903995,Millennium Group International Holdings Limited,,Cayman Islands,Limited,,,DEI|CIK,"{""dei_path"": ""data\\intermediate\\dei_facts_20251008.csv"", ""cik_path"": ""data\\intermediate\\cik_map_20251008.csv""}"
MHUA,0001835615,"MEIHUA INTERNATIONAL MEDICAL TECHNOLOGIES cO., LTD.",,Cayman Islands,Limited,,,DEI|CIK,"{""dei_path"": ""data\\intermediate\\dei_facts_20251008.csv"", ""cik_path"": ""data\\intermediate\\cik_map_20251008.csv""}"
MNSO,0001815846,MINISO Group Holding Limited,,Cayman Islands,Limited,,,DEI|CIK,"{""dei_path"": ""data\\intermediate\\dei_facts_20251008.csv"", ""cik_path"": ""data\\intermediate\\cik_map_20251008.csv""}"
MOMO,0001610601,Hello Group Inc.,,Cayman Islands,Corporation,,,DEI|CIK,"{""dei_path"": ""data\\intermediate\\dei_facts_20251008.csv"", ""cik_path"": ""data\\intermediate\\cik_map_20251008.csv""}"
MSC,0001713334,STUDIO CITY INTERNATIONAL HOLDINGS LIMITED,,Cayman Islands,Limited,,,DEI|CIK,"{""dei_path"": ""data\\intermediate\\dei_facts_20251008.csv"", ""cik_path"": ""data\\intermediate\\cik_map_20251008.csv""}"
MTC,0001742518,"MMTEC, INC.",,British Virgin Islands,Corporation,,,DEI|CIK,"{""dei_path"": ""data\\intermediate\\dei_facts_20251008.csv"", ""cik_path"": ""data\\intermediate\\cik_map_20251008.csv""}"
MTEN,0001948099,Mingteng International Corporation Inc.,,Cayman Islands,Corporation,,,DEI|CIK,"{""dei_path"": ""data\\intermediate\\dei_facts_20251008.csv"", ""cik_path"": ""data\\intermediate\\cik_map_20251008.csv""}"
NAAS,0001712178,NaaS Technology Inc.,,Cayman Islands,Corporation,,,DEI|CIK,"{""dei_path"": ""data\\intermediate\\dei_facts_20251008.csv"", ""cik_path"": ""data\\intermediate\\cik_map_20251008.csv""}"
NAMI,0001967631,Jinxin Technology Holding Company,,Cayman Islands,,,,DEI|CIK,"{""dei_path"": ""data\\intermediate\\dei_facts_20251008.csv"", ""cik_path"": ""data\\intermediate\\cik_map_20251008.csv""}"
NCTY,0001296774,The9 LTD,,Cayman Islands,Limited,,,DEI|CIK,"{""dei_path"": ""data\\intermediate\\dei_facts_20251008.csv"", ""cik_path"": ""data\\intermediate\\cik_map_20251008.csv""}"
NIO,0001736541,NIO Inc.,,Cayman Islands,Corporation,,,DEI|CIK,"{""dei_path"": ""data\\intermediate\\dei_facts_20251008.csv"", ""cik_path"": ""data\\intermediate\\cik_map_20251008.csv""}"
NISN,0001603993,"NISUN INTERNATIONAL ENTERPRISE DEVELOPMENT GROUP CO., LTD",,British Virgin Islands,Limited,,,DEI|CIK,"{""dei_path"": ""data\\intermediate\\dei_facts_20251008.csv"", ""cik_path"": ""data\\intermediate\\cik_map_20251008.csv""}"
NIU,0001744781,Niu Technologies,,Cayman Islands,,,,DEI|CIK,"{""dei_path"": ""data\\intermediate\\dei_facts_20251008.csv"", ""cik_path"": ""data\\intermediate\\cik_map_20251008.csv""}"
NOAH,0001499543,Noah Holdings Ltd,,Cayman Islands,Limited,,,DEI|CIK,"{""dei_path"": ""data\\intermediate\\dei_facts_20251008.csv"", ""cik_path"": ""data\\intermediate\\cik_map_20251008.csv""}"
NTCL,0001927578,NETCLASS TECHNOLOGY INC,,Cayman Islands,Corporation,,,DEI|CIK,"{""dei_path"": ""data\\intermediate\\dei_facts_20251008.csv"", ""cik_path"": ""data\\intermediate\\cik_map_20251008.csv""}"
NTES,0001110646,"NETEASE, INC.",,Cayman Islands,Corporation,,,DEI|CIK,"{""dei_path"": ""data\\intermediate\\dei_facts_20251008.csv"", ""cik_path"": ""data\\intermediate\\cik_map_20251008.csv""}"
NXTT,0001784970,Next Technology Holding Inc.,,WY,,,,submissions|DEI|CIK,"{""submissions_path"": ""data\\raw\\EDGAR\\NXTT\\submissions.json"", ""dei_path"": ""data\\intermediate\\dei_facts_20251008.csv"", ""cik_path"": ""data\\intermediate\\cik_map_20251008.csv""}"
OCFT,0001780531,"OneConnect Financial Technology Co., Ltd.",,Cayman Islands,Limited,,,DEI|CIK,"{""dei_path"": ""data\\intermediate\\dei_facts_20251008.csv"", ""cik_path"": ""data\\intermediate\\cik_map_20251008.csv""}"
OCG,0001776067,"Oriental Culture Holding, LTD.",,Cayman Islands,Limited,,,DEI|CIK,"{""dei_path"": ""data\\intermediate\\dei_facts_20251008.csv"", ""cik_path"": ""data\\intermediate\\cik_map_20251008.csv""}"
ONC,0001651308,BeOne Medicines Ltd.,,,,,,submissions|DEI|CIK,"{""submissions_path"": ""data\\raw\\EDGAR\\ONC\\submissions.json"", ""dei_path"": ""data\\intermediate\\dei_facts_20251008.csv"", ""cik_path"": ""data\\intermediate\\cik_map_20251008.csv""}"
ORIS,0001964664,ORIENTAL RISE HOLDINGS LIMITED,,Cayman Islands,Limited,,,DEI|CIK,"{""dei_path"": ""data\\intermediate\\dei_facts_20251008.csv"", ""cik_path"": ""data\\intermediate\\cik_map_20251008.csv""}"
OST,0001803407,"Ostin Technology Group Co., Ltd.",,Cayman Islands,Limited,,,DEI|CIK,"{""dei_path"": ""data\\intermediate\\dei_facts_20251008.csv"", ""cik_path"": ""data\\intermediate\\cik_map_20251008.csv""}"
PAVS,0001751876,Paranovus Entertainment Technology Ltd.,,Cayman Islands,Limited,,,DEI|CIK,"{""dei_path"": ""data\\intermediate\\dei_facts_20251008.csv"", ""cik_path"": ""data\\intermediate\\cik_map_20251008.csv""}"
PDD,0001737806,PDD Holdings Inc.,,Cayman Islands,Corporation,,,DEI|CIK,"{""dei_path"": ""data\\intermediate\\dei_facts_20251008.csv"", ""cik_path"": ""data\\intermediate\\cik_map_20251008.csv""}"
PETZ,0001684425,"TDH Holdings, Inc.",,British Virgin Islands,Corporation,,,DEI|CIK,"{""dei_path"": ""data\\intermediate\\dei_facts_20251008.csv"", ""cik_path"": ""data\\intermediate\\cik_map_20251008.csv""}"
PHH,0001986247,"Park Ha Biological Technology Co., Ltd.",,Cayman Islands,Limited,,,DEI|CIK,"{""dei_path"": ""data\\intermediate\\dei_facts_20251008.csv"", ""cik_path"": ""data\\intermediate\\cik_map_20251008.csv""}"
PLAG,0001117057,Planet Green Holdings Corp.,,NV,,,,submissions|DEI|CIK,"{""submissions_path"": ""data\\raw\\EDGAR\\PLAG\\submissions.json"", ""dei_path"": ""data\\intermediate\\dei_facts_20251008.csv"", ""cik_path"": ""data\\intermediate\\cik_map_20251008.csv""}"
PONY,0001969302,Pony AI Inc.,,Cayman Islands,Corporation,,,DEI|CIK,"{""dei_path"": ""data\\intermediate\\dei_facts_20251008.csv"", ""cik_path"": ""data\\intermediate\\cik_map_20251008.csv""}"
PT,0001716338,Pintec Technology Holdings Limited,,Cayman Islands,Limited,,,DEI|CIK,"{""dei_path"": ""data\\intermediate\\dei_facts_20251008.csv"", ""cik_path"": ""data\\intermediate\\cik_map_20251008.csv""}"
PTHL,0001970544,Pheton Holdings Ltd,,Cayman Islands,Limited,,,DEI|CIK,"{""dei_path"": ""data\\intermediate\\dei_facts_20251008.csv"", ""cik_path"": ""data\\intermediate\\cik_map_20251008.csv""}"
QD,0001692705,Qudian Inc.,,Cayman Islands,Corporation,,,DEI|CIK,"{""dei_path"": ""data\\intermediate\\dei_facts_20251008.csv"", ""cik_path"": ""data\\intermediate\\cik_map_20251008.csv""}"
QFIN,0001741530,"Qifu Technology, Inc.",,Cayman Islands,Corporation,,,DEI|CIK,"{""dei_path"": ""data\\intermediate\\dei_facts_20251008.csv"", ""cik_path"": ""data\\intermediate\\cik_map_20251008.csv""}"
QH,0001781193,QUHUO Ltd,,Cayman Islands,Limited,,,DEI|CIK,"{""dei_path"": ""data\\intermediate\\dei_facts_20251008.csv"", ""cik_path"": ""data\\intermediate\\cik_map_20251008.csv""}"
QSG,0001932770,QuantaSing Group Limited,,Cayman Islands,Limited,,,DEI|CIK,"{""dei_path"": ""data\\intermediate\\dei_facts_20251008.csv"", ""cik_path"": ""data\\intermediate\\cik_map_20251008.csv""}"
RAYA,0001825875,Erayak Power Solution Group Inc.,,Cayman Islands,Corporation,,,DEI|CIK,"{""dei_path"": ""data\\intermediate\\dei_facts_20251008.csv"", ""cik_path"": ""data\\intermediate\\cik_map_20251008.csv""}"
RCON,0001442620,"RECON TECHNOLOGY, LTD",,Cayman Islands,Limited,,,DEI|CIK,"{""dei_path"": ""data\\intermediate\\dei_facts_20251008.csv"", ""cik_path"": ""data\\intermediate\\cik_map_20251008.csv""}"
RDGT,0001856084,"Ridgetech, Inc.",,Cayman Islands,Corporation,,,DEI|CIK,"{""dei_path"": ""data\\intermediate\\dei_facts_20251008.csv"", ""cik_path"": ""data\\intermediate\\cik_map_20251008.csv""}"
RERE,0001838957,ATRenew Inc.,,Cayman Islands,Corporation,,,DEI|CIK,"{""dei_path"": ""data\\intermediate\\dei_facts_20251008.csv"", ""cik_path"": ""data\\intermediate\\cik_map_20251008.csv""}"
RETO,0001687277,"RETO ECO-SOLUTIONS, INC.",,British Virgin Islands,Corporation,,,DEI|CIK,"{""dei_path"": ""data\\intermediate\\dei_facts_20251008.csv"", ""cik_path"": ""data\\intermediate\\cik_map_20251008.csv""}"
SEED,0001321851,Origin Agritech Limited,,British Virgin Islands,Limited,,,DEI|CIK,"{""dei_path"": ""data\\intermediate\\dei_facts_20251008.csv"", ""cik_path"": ""data\\intermediate\\cik_map_20251008.csv""}"
SFHG,0001926792,SAMFINE CREATION HOLDINGS GROUP LIMITED,,C ayman Islands,Limited,,,DEI|CIK,"{""dei_path"": ""data\\intermediate\\dei_facts_20251008.csv"", ""cik_path"": ""data\\intermediate\\cik_map_20251008.csv""}"
SFWL,0001863218,Shengfeng Development Limited,,Cayman Islands,Limited,,,DEI|CIK,"{""dei_path"": ""data\\intermediate\\dei_facts_20251008.csv"", ""cik_path"": ""data\\intermediate\\cik_map_20251008.csv""}"
SISI,0001300734,"SHINECO, INC.",,,,,,submissions|DEI|CIK,"{""submissions_path"": ""data\\raw\\EDGAR\\SISI\\submissions.json"", ""dei_path"": ""data\\intermediate\\dei_facts_20251008.csv"", ""cik_path"": ""data\\intermediate\\cik_map_20251008.csv""}"
SJ,0001753673,SCIENJOY HOLDING CORPORATION,,British Virgin Islands,Corporation,,,DEI|CIK,"{""dei_path"": ""data\\intermediate\\dei_facts_20251008.csv"", ""cik_path"": ""data\\intermediate\\cik_map_20251008.csv""}"
SNTG,0001810467,Sentage Holdings Inc.,,Cayman Islands,Corporation,,,DEI|CIK,"{""dei_path"": ""data\\intermediate\\dei_facts_20251008.csv"", ""cik_path"": ""data\\intermediate\\cik_map_20251008.csv""}"
SOGP,0001783407,Sound Group Inc.,,Cayman Islands,Corporation,,,DEI|CIK,"{""dei_path"": ""data\\intermediate\\dei_facts_20251008.csv"", ""cik_path"": ""data\\intermediate\\cik_map_20251008.csv""}"
SOHU,0001734107,SOHU.COM LIMITED,,Cayman Islands,Limited,,,DEI|CIK,"{""dei_path"": ""data\\intermediate\\dei_facts_20251008.csv"", ""cik_path"": ""data\\intermediate\\cik_map_20251008.csv""}"
SOL,0001417892,EMEREN GROUP LTD,,"Virgin Islands, British",Limited,,,DEI|CIK|submissions,"{""dei_path"": ""data\\intermediate\\dei_facts_20251008.csv"", ""cik_path"": ""data\\intermediate\\cik_map_20251008.csv"", ""submissions_path"": ""data\\raw\\EDGAR\\SOL\\submissions.json""}"
SOS,0001346610,SOS Limited,,Cayman Islands,Limited,,,DEI|CIK,"{""dei_path"": ""data\\intermediate\\dei_facts_20251008.csv"", ""cik_path"": ""data\\intermediate\\cik_map_20251008.csv""}"
STEC,0001785680,Santech Holdings Limited,,Cayman Islands,Limited,,,DEI|CIK,"{""dei_path"": ""data\\intermediate\\dei_facts_20251008.csv"", ""cik_path"": ""data\\intermediate\\cik_map_20251008.csv""}"
STFS,0002003061,Star Fashion Culture Holdings Limited,,Cayman Islands,Limited,,,DEI|CIK,"{""dei_path"": ""data\\intermediate\\dei_facts_20251008.csv"", ""cik_path"": ""data\\intermediate\\cik_map_20251008.csv""}"
STG,0001723935,Sunlands Technology Group,,Cayman Islands,,,,DEI|CIK,"{""dei_path"": ""data\\intermediate\\dei_facts_20251008.csv"", ""cik_path"": ""data\\intermediate\\cik_map_20251008.csv""}"
SXTC,0001723980,"China SXT Pharmaceuticals, Inc.",,British Virgin Islands,Corporation,,,DEI|CIK,"{""dei_path"": ""data\\intermediate\\dei_facts_20251008.csv"", ""cik_path"": ""data\\intermediate\\cik_map_20251008.csv""}"
SY,0001758530,So-Young International Inc.,,Cayman Islands,Corporation,,,DEI|CIK,"{""dei_path"": ""data\\intermediate\\dei_facts_20251008.csv"", ""cik_path"": ""data\\intermediate\\cik_map_20251008.csv""}"
TAL,0001499620,TAL Education Group,,Cayman Islands,,,,DEI|CIK,"{""dei_path"": ""data\\intermediate\\dei_facts_20251008.csv"", ""cik_path"": ""data\\intermediate\\cik_map_20251008.csv""}"
TANH,0001588084,TANTECH HOLDINGS LTD,,British Virgin Islands,Limited,,,DEI|CIK,"{""dei_path"": ""data\\intermediate\\dei_facts_20251008.csv"", ""cik_path"": ""data\\intermediate\\cik_map_20251008.csv""}"
TAOP,0001552670,TAOPING INC.,,"Virgin Islands, British",Corporation,,,DEI|CIK|submissions,"{""dei_path"": ""data\\intermediate\\dei_facts_20251008.csv"", ""cik_path"": ""data\\intermediate\\cik_map_20251008.csv"", ""submissions_path"": ""data\\raw\\EDGAR\\TAOP\\submissions.json""}"
TC,0001743340,Token Cat Limited,,Cayman Islands,Limited,,,DEI|CIK,"{""dei_path"": ""data\\intermediate\\dei_facts_20251008.csv"", ""cik_path"": ""data\\intermediate\\cik_map_20251008.csv""}"
TCOM,0001269238,Trip.com Group Limited,,Cayman Islands,Limited,,,DEI|CIK,"{""dei_path"": ""data\\intermediate\\dei_facts_20251008.csv"", ""cik_path"": ""data\\intermediate\\cik_map_20251008.csv""}"
THCH,0001877333,TH International Limited,,Cayman Islands,Limited,,,DEI|CIK,"{""dei_path"": ""data\\intermediate\\dei_facts_20251008.csv"", ""cik_path"": ""data\\intermediate\\cik_map_20251008.csv""}"
TIGR,0001756699,UP FINTECH HOLDING LIMITED,,Cayman Islands,Limited,,,DEI|CIK,"{""dei_path"": ""data\\intermediate\\dei_facts_20251008.csv"", ""cik_path"": ""data\\intermediate\\cik_map_20251008.csv""}"
TIRX,0001782941,TIAN RUIXIANG Holdings Ltd,,Cayman Islands,Limited,,,DEI|CIK,"{""dei_path"": ""data\\intermediate\\dei_facts_20251008.csv"", ""cik_path"": ""data\\intermediate\\cik_map_20251008.csv""}"
TME,0001744676,Tencent Music Entertainment Group,,Cayman Islands,,,,DEI|CIK,"{""dei_path"": ""data\\intermediate\\dei_facts_20251008.csv"", ""cik_path"": ""data\\intermediate\\cik_map_20251008.csv""}"
TOUR,0001597095,Tuniu Corp,,Cayman Islands,Corporation,,,DEI|CIK,"{""dei_path"": ""data\\intermediate\\dei_facts_20251008.csv"", ""cik_path"": ""data\\intermediate\\cik_map_20251008.csv""}"
TUYA,0001829118,Tuya Inc.,,Cayman Islands,Corporation,,,DEI|CIK,"{""dei_path"": ""data\\intermediate\\dei_facts_20251008.csv"", ""cik_path"": ""data\\intermediate\\cik_map_20251008.csv""}"
UBXG,0001888525,U-BX Technology Ltd.,,Cayman Islands,Limited,,,DEI|CIK,"{""dei_path"": ""data\\intermediate\\dei_facts_20251008.csv"", ""cik_path"": ""data\\intermediate\\cik_map_20251008.csv""}"
UCAR,0001939780,U Power Limited,,Cayman Islands,Limited,,,DEI|CIK,"{""dei_path"": ""data\\intermediate\\dei_facts_20251008.csv"", ""cik_path"": ""data\\intermediate\\cik_map_20251008.csv""}"
UCL,0001775898,UCLOUDLINK GROUP INC.,,Cayman Islands,Corporation,,,DEI|CIK,"{""dei_path"": ""data\\intermediate\\dei_facts_20251008.csv"", ""cik_path"": ""data\\intermediate\\cik_map_20251008.csv""}"
UK,0001821424,UCOMMUNE INTERNATIONAL LTD,,Cayman Islands,Limited,,,DEI|CIK,"{""dei_path"": ""data\\intermediate\\dei_facts_20251008.csv"", ""cik_path"": ""data\\intermediate\\cik_map_20251008.csv""}"
UOKA,0001741534,MDJM LTD,,Cayman Islands,Limited,,,DEI|CIK,"{""dei_path"": ""data\\intermediate\\dei_facts_20251008.csv"", ""cik_path"": ""data\\intermediate\\cik_map_20251008.csv""}"
UPC,0001809616,Universe Pharmaceuticals INC,,Cayman Islands,Corporation,,,DEI|CIK,"{""dei_path"": ""data\\intermediate\\dei_facts_20251008.csv"", ""cik_path"": ""data\\intermediate\\cik_map_20251008.csv""}"
UTSI,0001030471,UTStarcom Holdings Corp.,,Cayman Islands,Corporation,,,DEI|CIK,"{""dei_path"": ""data\\intermediate\\dei_facts_20251008.csv"", ""cik_path"": ""data\\intermediate\\cik_map_20251008.csv""}"
UXIN,0001729173,Uxin Limited,,Cayman Islands,Limited,,,DEI|CIK,"{""dei_path"": ""data\\intermediate\\dei_facts_20251008.csv"", ""cik_path"": ""data\\intermediate\\cik_map_20251008.csv""}"
VIOT,0001742770,"Viomi Technology Co., Ltd",,Cayman Islands,Limited,,,DEI|CIK,"{""dei_path"": ""data\\intermediate\\dei_facts_20251008.csv"", ""cik_path"": ""data\\intermediate\\cik_map_20251008.csv""}"
VNET,0001508475,"VNET Group, Inc.",,Cayman Islands,Corporation,,,DEI|CIK,"{""dei_path"": ""data\\intermediate\\dei_facts_20251008.csv"", ""cik_path"": ""data\\intermediate\\cik_map_20251008.csv""}"
WAFU,0001716770,Wah Fu Education Group Ltd.,,British Virgin Islands,Limited,,,DEI|CIK,"{""dei_path"": ""data\\intermediate\\dei_facts_20251008.csv"", ""cik_path"": ""data\\intermediate\\cik_map_20251008.csv""}"
WAI,0001938865,TOP KINGWIN LTD,,Cayman Islands,Limited,,,DEI|CIK,"{""dei_path"": ""data\\intermediate\\dei_facts_20251008.csv"", ""cik_path"": ""data\\intermediate\\cik_map_20251008.csv""}"
WB,0001595761,WEIBO CORPORATION,,Cayman Islands,Corporation,,,DEI|CIK,"{""dei_path"": ""data\\intermediate\\dei_facts_20251008.csv"", ""cik_path"": ""data\\intermediate\\cik_map_20251008.csv""}"
WDH,0001823986,Waterdrop Inc.,,Cayman Islands,Corporation,,,DEI|CIK,"{""dei_path"": ""data\\intermediate\\dei_facts_20251008.csv"", ""cik_path"": ""data\\intermediate\\cik_map_20251008.csv""}"
WETH,0001826660,Wetouch Technology Inc.,,NV,,,,submissions|DEI|CIK,"{""submissions_path"": ""data\\raw\\EDGAR\\WETH\\submissions.json"", ""dei_path"": ""data\\intermediate\\dei_facts_20251008.csv"", ""cik_path"": ""data\\intermediate\\cik_map_20251008.csv""}"
WETO,0001941158,Webus International Ltd.,,Cayman Islands,,,,submissions|DEI|CIK,"{""submissions_path"": ""data\\raw\\EDGAR\\WETO\\submissions.json"", ""dei_path"": ""data\\intermediate\\dei_facts_20251008.csv"", ""cik_path"": ""data\\intermediate\\cik_map_20251008.csv""}"
WIMI,0001770088,WiMi Hologram Cloud Inc.,,Cayman Islands,Corporation,,,DEI|CIK,"{""dei_path"": ""data\\intermediate\\dei_facts_20251008.csv"", ""cik_path"": ""data\\intermediate\\cik_map_20251008.csv""}"
WNW,0001787803,Meiwu Technology Company Limited,,British Virgin Islands,Limited,,,DEI|CIK,"{""dei_path"": ""data\\intermediate\\dei_facts_20251008.csv"", ""cik_path"": ""data\\intermediate\\cik_map_20251008.csv""}"
WOK,0001929783,WORK Medical Technology Group LTD,,Cayman Islands,Limited,,,DEI|CIK,"{""dei_path"": ""data\\intermediate\\dei_facts_20251008.csv"", ""cik_path"": ""data\\intermediate\\cik_map_20251008.csv""}"
WRD,0001867729,WeRide Inc.,,Cayman Islands,Corporation,,,DEI|CIK,"{""dei_path"": ""data\\intermediate\\dei_facts_20251008.csv"", ""cik_path"": ""data\\intermediate\\cik_map_20251008.csv""}"
WTO,0001789299,UTime Limited,,Cayman Islands,Limited,,,DEI|CIK,"{""dei_path"": ""data\\intermediate\\dei_facts_20251008.csv"", ""cik_path"": ""data\\intermediate\\cik_map_20251008.csv""}"
WYHG,0001999860,Wing Yip Food Holdings Group Limited,,Hong Kong,Limited,,,DEI|CIK,"{""dei_path"": ""data\\intermediate\\dei_facts_20251008.csv"", ""cik_path"": ""data\\intermediate\\cik_map_20251008.csv""}"
XCH,0001979887,XCHG Limited,,Cayman Islands,Limited,,,DEI|CIK,"{""dei_path"": ""data\\intermediate\\dei_facts_20251008.csv"", ""cik_path"": ""data\\intermediate\\cik_map_20251008.csv""}"
XHG,0001769256,XChange TEC.INC,,Cayman Islands,Corporation,,,DEI|CIK,"{""dei_path"": ""data\\intermediate\\dei_facts_20251008.csv"", ""cik_path"": ""data\\intermediate\\cik_map_20251008.csv""}"
XIN,0001398453,"XINYUAN REAL ESTATE CO., LTD.",,Cayman Islands,Limited,,,DEI|CIK,"{""dei_path"": ""data\\intermediate\\dei_facts_20251008.csv"", ""cik_path"": ""data\\intermediate\\cik_map_20251008.csv""}"
XNET,0001510593,Xunlei Ltd,,Cayman Islands,Limited,,,DEI|CIK,"{""dei_path"": ""data\\intermediate\\dei_facts_20251008.csv"", ""cik_path"": ""data\\intermediate\\cik_map_20251008.csv""}"
XPEV,0001810997,XPeng Inc.,,Cayman Islands,Corporation,,,DEI|CIK,"{""dei_path"": ""data\\intermediate\\dei_facts_20251008.csv"", ""cik_path"": ""data\\intermediate\\cik_map_20251008.csv""}"
XTKG,0001754323,"X3 HOLDINGS CO., LTD.",,Cayman Islands,Limited,,,DEI|CIK,"{""dei_path"": ""data\\intermediate\\dei_facts_20251008.csv"", ""cik_path"": ""data\\intermediate\\cik_map_20251008.csv""}"
XYF,0001725033,X Financial,,Cayman Islands,,,,DEI|CIK,"{""dei_path"": ""data\\intermediate\\dei_facts_20251008.csv"", ""cik_path"": ""data\\intermediate\\cik_map_20251008.csv""}"
YAAS,0001964946,Youxin Technology Ltd,,Cayman Islands,Limited,,,DEI|CIK,"{""dei_path"": ""data\\intermediate\\dei_facts_20251008.csv"", ""cik_path"": ""data\\intermediate\\cik_map_20251008.csv""}"
YALA,0001794350,YALLA GROUP LIMITED,,Cayman Islands,Limited,,,DEI|CIK,"{""dei_path"": ""data\\intermediate\\dei_facts_20251008.csv"", ""cik_path"": ""data\\intermediate\\cik_map_20251008.csv""}"
YGMZ,0001782037,MingZhu Logistics Holdings Limited,,Cayman Islands,Limited,,,DEI|CIK,"{""dei_path"": ""data\\intermediate\\dei_facts_20251008.csv"", ""cik_path"": ""data\\intermediate\\cik_map_20251008.csv""}"
YIBO,0001868395,Planet Image International Limited,,Cayman Islands,Limited,,,DEI|CIK,"{""dei_path"": ""data\\intermediate\\dei_facts_20251008.csv"", ""cik_path"": ""data\\intermediate\\cik_map_20251008.csv""}"
YJ,0001759614,Yunji Inc.,,Cayman Islands,Corporation,,,DEI|CIK,"{""dei_path"": ""data\\intermediate\\dei_facts_20251008.csv"", ""cik_path"": ""data\\intermediate\\cik_map_20251008.csv""}"
YMM,0001838413,Full Truck Alliance Co. Ltd.,,Hong Kong,Limited,,,DEI|CIK,"{""dei_path"": ""data\\intermediate\\dei_facts_20251008.csv"", ""cik_path"": ""data\\intermediate\\cik_map_20251008.csv""}"
YQ,0001821468,17 Education & Technology Group Inc.,,Cayman Islands,Corporation,,,DEI|CIK,"{""dei_path"": ""data\\intermediate\\dei_facts_20251008.csv"", ""cik_path"": ""data\\intermediate\\cik_map_20251008.csv""}"
YRD,0001631761,Yiren Digital Ltd.,,Cayman Islands,Limited,,,DEI|CIK,"{""dei_path"": ""data\\intermediate\\dei_facts_20251008.csv"", ""cik_path"": ""data\\intermediate\\cik_map_20251008.csv""}"
YSG,0001819580,Yatsen Holding Limited,,Cayman Islands,Limited,,,DEI|CIK,"{""dei_path"": ""data\\intermediate\\dei_facts_20251008.csv"", ""cik_path"": ""data\\intermediate\\cik_map_20251008.csv""}"
YSXT,0001993463,"YSX Tech Co., Ltd",,Cayman Islands,Limited,,,DEI|CIK,"{""dei_path"": ""data\\intermediate\\dei_facts_20251008.csv"", ""cik_path"": ""data\\intermediate\\cik_map_20251008.csv""}"
YUMC,0001673358,"Yum China Holdings, Inc.",,DE,,,,submissions|DEI|CIK,"{""submissions_path"": ""data\\raw\\EDGAR\\YUMC\\submissions.json"", ""dei_path"": ""data\\intermediate\\dei_facts_20251008.csv"", ""cik_path"": ""data\\intermediate\\cik_map_20251008.csv""}"
YXT,0001872090,YXT.COM GROUP HOLDING LIMITED,,Cayman Islands,Limited,,,DEI|CIK,"{""dei_path"": ""data\\intermediate\\dei_facts_20251008.csv"", ""cik_path"": ""data\\intermediate\\cik_map_20251008.csv""}"
ZBAO,0001966750,ZHIBAO TECHNOLOGY INC.,,Cayman Islands,Corporation,,,DEI|CIK,"{""dei_path"": ""data\\intermediate\\dei_facts_20251008.csv"", ""cik_path"": ""data\\intermediate\\cik_map_20251008.csv""}"
ZCMD,0001785566,ZHONGCHAO INC.,,Cayman Islands,Corporation,,,DEI|CIK,"{""dei_path"": ""data\\intermediate\\dei_facts_20251008.csv"", ""cik_path"": ""data\\intermediate\\cik_map_20251008.csv""}"
ZEPP,0001720446,ZEPP HEALTH CORP,,Cayman Islands,Corporation,,,DEI|CIK,"{""dei_path"": ""data\\intermediate\\dei_facts_20251008.csv"", ""cik_path"": ""data\\intermediate\\cik_map_20251008.csv""}"
ZH,0001835724,Zhihu Inc.,,Cayman Islands,Corporation,,,DEI|CIK,"{""dei_path"": ""data\\intermediate\\dei_facts_20251008.csv"", ""cik_path"": ""data\\intermediate\\cik_map_20251008.csv""}"
ZJK,0001941506,"ZJK Industrial Co., Ltd.",,Cayman Islands,Limited,,,DEI|CIK,"{""dei_path"": ""data\\intermediate\\dei_facts_20251008.csv"", ""cik_path"": ""data\\intermediate\\cik_map_20251008.csv""}"
ZJYL,0001837821,Jin Medical International Ltd.,,Cayman Islands,Limited,,,DEI|CIK,"{""dei_path"": ""data\\intermediate\\dei_facts_20251008.csv"", ""cik_path"": ""data\\intermediate\\cik_map_20251008.csv""}"
ZK,0001954042,ZEEKR Intelligent Technology Holding Limited,,Cayman Islands,Limited,,,DEI|CIK,"{""dei_path"": ""data\\intermediate\\dei_facts_20251008.csv"", ""cik_path"": ""data\\intermediate\\cik_map_20251008.csv""}"
ZKH,0001862044,ZKH Group Limited,,Cayman Islands,Limited,,,DEI|CIK,"{""dei_path"": ""data\\intermediate\\dei_facts_20251008.csv"", ""cik_path"": ""data\\intermediate\\cik_map_20251008.csv""}"
ZLAB,0001704292,ZAI LAB LIMITED,,Cayman Islands,Limited,,,DEI|CIK,"{""dei_path"": ""data\\intermediate\\dei_facts_20251008.csv"", ""cik_path"": ""data\\intermediate\\cik_map_20251008.csv""}"
ZTO,0001677250,ZTO Express (Cayman) Inc.,,Cayman Islands,Corporation,,,DEI|CIK,"{""dei_path"": ""data\\intermediate\\dei_facts_20251008.csv"", ""cik_path"": ""data\\intermediate\\cik_map_20251008.csv""}"
ZYBT,0001975641,Zhengye Biotechnology Holding Limited,,Cayman Islands,Limited,,,DEI|CIK,"{""dei_path"": ""data\\intermediate\\dei_facts_20251008.csv"", ""cik_path"": ""data\\intermediate\\cik_map_20251008.csv""}"
