sub_uuid,parent_ticker,parent_cik10,subsidiary_name,jurisdiction_iso3,ownership_pct,first_seen_year,last_seen_year,accession,exhibit_label,parse_confidence,lineage
dc3cf02e-8590-5c12-bafa-4e84d20c7f28,ABLV,1957489,Ableview Investment Limited,CYM,,2024,2024,0001213900-24-037882,EX-21.1,1.0,companies\ABLV\exhibits\0001213900-24-037882\EX-21.1.htm
9550f201-b823-5093-a458-81fcf1b0ff91,ABLV,1957489,Ableview Capital Group Ltd.,VGB,,2024,2024,0001213900-24-037882,EX-21.1,1.0,companies\ABLV\exhibits\0001213900-24-037882\EX-21.1.htm
8cbaea68-e4f5-5509-9a6a-7b985ac1aef4,ABLV,1957489,Ableview Cosmetic Limited,HKG,,2024,2024,0001213900-24-037882,EX-21.1,1.0,companies\ABLV\exhibits\0001213900-24-037882\EX-21.1.htm
47185d29-dab8-5984-b94b-86a63bf66500,ABLV,1957489,CSS Cosmetic (Hong Kong) Limited,HKG,,2024,2024,0001213900-24-037882,EX-21.1,1.0,companies\ABLV\exhibits\0001213900-24-037882\EX-21.1.htm
3c7be1eb-a3f6-5da3-9080-0d0513790f03,ABLV,1957489,Ableview Management Limited,HKG,,2024,2024,0001213900-24-037882,EX-21.1,1.0,companies\ABLV\exhibits\0001213900-24-037882\EX-21.1.htm
d040d880-d9e4-5580-a43d-0fde216febd9,ABLV,1957489,Ableview Brands Limited,HKG,,2024,2024,0001213900-24-037882,EX-21.1,1.0,companies\ABLV\exhibits\0001213900-24-037882\EX-21.1.htm
920670a4-1d85-53e1-ba9a-e32b8cc1a843,ABLV,1957489,Able View Enterprise Limited,HKG,,2024,2024,0001213900-24-037882,EX-21.1,1.0,companies\ABLV\exhibits\0001213900-24-037882\EX-21.1.htm
aa5b05d5-7ef6-565b-aa3f-e2d8bfbe4fd1,ABLV,1957489,Able View Inc.,CYM,,2024,2024,0001213900-24-037882,EX-21.1,1.0,companies\ABLV\exhibits\0001213900-24-037882\EX-21.1.htm
664713b4-f14e-5abf-b0f4-695efc54532a,ABLV,1957489,CSS Global Limited,VGB,,2024,2024,0001213900-24-037882,EX-21.1,1.0,companies\ABLV\exhibits\0001213900-24-037882\EX-21.1.htm
75d62f72-02bf-5ea4-a5e0-75e2e778e8d9,ABLV,1957489,Cosmetic Skin Solution Holding Limited,VGB,,2024,2024,0001213900-24-037882,EX-21.1,1.0,companies\ABLV\exhibits\0001213900-24-037882\EX-21.1.htm
afe661b2-9004-5ce0-894c-04f0f03eb304,ABLV,1957489,Healthy Great Pte. Ltd.,SGP,,2024,2024,0001213900-24-037882,EX-21.1,1.0,companies\ABLV\exhibits\0001213900-24-037882\EX-21.1.htm
d1d84a4c-cb65-526c-b7f5-9b229e5ed3b7,ABLV,1957489,"Beijing Jingyuan Trading Co., Ltd.",CHN,,2024,2024,0001213900-24-037882,EX-21.1,1.0,companies\ABLV\exhibits\0001213900-24-037882\EX-21.1.htm
9e01cb2d-38ad-5b5d-8f7c-a7dd7ab8cb72,ABLV,1957489,"Shanghai Jinglu Trading Co., Ltd.",CHN,,2024,2024,0001213900-24-037882,EX-21.1,1.0,companies\ABLV\exhibits\0001213900-24-037882\EX-21.1.htm
53188eef-9108-5489-b86c-913a05a67f96,ABLV,1957489,CSS Cosmetic (Shanghai) Ltd.,CHN,,2024,2024,0001213900-24-037882,EX-21.1,1.0,companies\ABLV\exhibits\0001213900-24-037882\EX-21.1.htm
5bc33e8b-08db-5174-b48b-7dbce3a5f51f,ABLV,1957489,"Shanghai Jingyue Trading Co., Ltd.",CHN,,2024,2024,0001213900-24-037882,EX-21.1,1.0,companies\ABLV\exhibits\0001213900-24-037882\EX-21.1.htm
012f84bf-2460-5a1b-b8a0-420cb50e6736,ABLV,1957489,"Shanghai Weitong Trading Co., Ltd.",CHN,,2024,2024,0001213900-24-037882,EX-21.1,1.0,companies\ABLV\exhibits\0001213900-24-037882\EX-21.1.htm
b7798193-af9c-5f18-a021-692e26b6d013,ABLV,1957489,"Shanghai Jingnan Medical Instrument Co., Ltd.",CHN,,2024,2024,0001213900-24-037882,EX-21.1,1.0,companies\ABLV\exhibits\0001213900-24-037882\EX-21.1.htm
8ff26f07-84f8-564d-b63a-3ae347f7f327,CLPS,1724542,"Qinheng Co., Limited",HKG,,2024,2024,0001213900-24-088712,EX-21.1,1.0,companies\CLPS\exhibits\0001213900-24-088712\EX-21.1.htm
2ce45e77-d781-5344-8d90-5b9334c1505f,CLPS,1724542,"Qiner Co., Limited",HKG,,2024,2024,0001213900-24-088712,EX-21.1,1.0,companies\CLPS\exhibits\0001213900-24-088712\EX-21.1.htm
4d4c1fea-d959-58d6-8f16-e84f1c89e616,CLPS,1724542,"Shanghai Qincheng Information Technology Co., Ltd.",CHN,,2024,2024,0001213900-24-088712,EX-21.1,1.0,companies\CLPS\exhibits\0001213900-24-088712\EX-21.1.htm
1e678d1b-e445-5907-b05d-1fbadc6e9e13,CLPS,1724542,"CLPS Shanghai Co., Ltd.",CHN,,2024,2024,0001213900-24-088712,EX-21.1,1.0,companies\CLPS\exhibits\0001213900-24-088712\EX-21.1.htm
1d90ddca-248e-541b-a787-6d1bab9d0188,CLPS,1724542,"CLPS Dalian Co., Ltd.",CHN,,2024,2024,0001213900-24-088712,EX-21.1,1.0,companies\CLPS\exhibits\0001213900-24-088712\EX-21.1.htm
76b318a0-6a56-5a00-a57f-8d478a94c600,CLPS,1724542,"CLPS Beijing Hengtong Co., Ltd.",CHN,,2024,2024,0001213900-24-088712,EX-21.1,1.0,companies\CLPS\exhibits\0001213900-24-088712\EX-21.1.htm
7a0f3413-c227-5f94-a1f3-7e274915731f,CLPS,1724542,"JAJI (Shanghai) Co., Ltd.",CHN,,2024,2024,0001213900-24-088712,EX-21.1,1.0,companies\CLPS\exhibits\0001213900-24-088712\EX-21.1.htm
c5979372-e773-52b4-ae35-36986ef3382e,CLPS,1724542,"JAJI (Shanghai) Human Resource Co., Ltd.",CHN,,2024,2024,0001213900-24-088712,EX-21.1,1.0,companies\CLPS\exhibits\0001213900-24-088712\EX-21.1.htm
94d7b744-01a7-5138-b40b-c6d0055a15d9,CLPS,1724542,Ridik Technology (Australia) Pty. Ltd.,AUS,,2024,2024,0001213900-24-088712,EX-21.1,1.0,companies\CLPS\exhibits\0001213900-24-088712\EX-21.1.htm
32366c32-6694-57dc-ae39-1532fe1bcee6,CLPS,1724542,CLPS Technology (Singapore) Pte. Ltd.,SGP,,2024,2024,0001213900-24-088712,EX-21.1,1.0,companies\CLPS\exhibits\0001213900-24-088712\EX-21.1.htm
503e1dad-cfed-56ff-b3a8-6ae5e7c1555b,CLPS,1724542,"CLPS Technology (HK) Co., Ltd.",HKG,,2024,2024,0001213900-24-088712,EX-21.1,1.0,companies\CLPS\exhibits\0001213900-24-088712\EX-21.1.htm
79a02335-7b91-58a1-971e-ecea80523d11,CLPS,1724542,"CLPS Shenzhen Co., Ltd.",CHN,,2024,2024,0001213900-24-088712,EX-21.1,1.0,companies\CLPS\exhibits\0001213900-24-088712\EX-21.1.htm
a6386fda-5694-5d61-8f91-9931471849c1,CLPS,1724542,"CLPS Guangzhou Co., Ltd.",CHN,,2024,2024,0001213900-24-088712,EX-21.1,1.0,companies\CLPS\exhibits\0001213900-24-088712\EX-21.1.htm
88c7806c-3c15-57ef-996d-336ca4da757b,CLPS,1724542,CLPS Technology (US) Ltd.,USA,,2024,2024,0001213900-24-088712,EX-21.1,1.0,companies\CLPS\exhibits\0001213900-24-088712\EX-21.1.htm
4dda7aca-c86f-52e6-86c8-fd1a8df9970a,CLPS,1724542,CLPS Technology (California) Inc.,USA,,2024,2024,0001213900-24-088712,EX-21.1,1.0,companies\CLPS\exhibits\0001213900-24-088712\EX-21.1.htm
f2ad449e-e410-50e3-b2ec-ea0887ea232d,CLPS,1724542,CLPS Hangzhou Co. Ltd.,CHN,,2024,2024,0001213900-24-088712,EX-21.1,1.0,companies\CLPS\exhibits\0001213900-24-088712\EX-21.1.htm
bcc0d083-b098-5cd4-a15f-ce695bab7fa0,CLPS,1724542,Ridik Pte. Ltd.,SGP,,2024,2024,0001213900-24-088712,EX-21.1,1.0,companies\CLPS\exhibits\0001213900-24-088712\EX-21.1.htm
1fbf977a-c523-50d6-9538-a9190ddb57d4,CLPS,1724542,Ridik Consulting Private Limited,IND,,2024,2024,0001213900-24-088712,EX-21.1,1.0,companies\CLPS\exhibits\0001213900-24-088712\EX-21.1.htm
298f8941-7218-53f6-b63c-8369882af65b,CLPS,1724542,Ridik Sdn. Bhd.,MYS,,2024,2024,0001213900-24-088712,EX-21.1,1.0,companies\CLPS\exhibits\0001213900-24-088712\EX-21.1.htm
de2f3245-3de2-521a-b735-64d5bf4eadbd,CLPS,1724542,Ridik Software Solutions Pte. Ltd.,SGP,,2024,2024,0001213900-24-088712,EX-21.1,1.0,companies\CLPS\exhibits\0001213900-24-088712\EX-21.1.htm
53b2fe97-5ab9-5170-9a02-a6151cb1ad38,CLPS,1724542,CLPS Technology Japan,JPN,,2024,2024,0001213900-24-088712,EX-21.1,1.0,companies\CLPS\exhibits\0001213900-24-088712\EX-21.1.htm
da227750-e23f-5f5a-9c28-161ada83cd78,CLPS,1724542,Qinson Credit Card Services Limited,HKG,,2024,2024,0001213900-24-088712,EX-21.1,1.0,companies\CLPS\exhibits\0001213900-24-088712\EX-21.1.htm
6553befd-6c37-591a-9d3f-556ae966c761,CLPS,1724542,Hainan Qincheng Software Technology Co.Ltd,CHN,,2024,2024,0001213900-24-088712,EX-21.1,1.0,companies\CLPS\exhibits\0001213900-24-088712\EX-21.1.htm
f2c4521f-366e-5885-9a26-f1285f93a631,CLPS,1724542,"CLPS Xian Co., Ltd.",CHN,,2024,2024,0001213900-24-088712,EX-21.1,1.0,companies\CLPS\exhibits\0001213900-24-088712\EX-21.1.htm
3b3d939b-d185-5e08-9548-88a78bcb6f0b,CLPS,1724542,"Shanghai Chenqin Information Technology Services Co., Ltd.",CHN,,2024,2024,0001213900-24-088712,EX-21.1,1.0,companies\CLPS\exhibits\0001213900-24-088712\EX-21.1.htm
f1900292-3f11-50f7-a8ba-7d9da029a8f2,CLPS,1724542,Growth Ring Ltd.,VGB,,2024,2024,0001213900-24-088712,EX-21.1,1.0,companies\CLPS\exhibits\0001213900-24-088712\EX-21.1.htm
7b4159af-7de1-5dc1-801a-0c8107175b20,CLPS,1724542,Arabian Jasmine Ltd.,VGB,,2024,2024,0001213900-24-088712,EX-21.1,1.0,companies\CLPS\exhibits\0001213900-24-088712\EX-21.1.htm
71343b15-4a16-5740-89d5-a3644a23b814,CLPS,1724542,Noni (SINGAPORE) PTE. LTD.,SGP,,2024,2024,0001213900-24-088712,EX-21.1,1.0,companies\CLPS\exhibits\0001213900-24-088712\EX-21.1.htm
3b30f8a3-5cac-512b-b50b-257c974a0f8d,CLPS,1724542,CLPS-Beefinance Holding Limited,VGB,,2024,2024,0001213900-24-088712,EX-21.1,1.0,companies\CLPS\exhibits\0001213900-24-088712\EX-21.1.htm
42dd3609-81d6-5f68-94dc-e6890971e9e2,CLPS,1724542,LinkCrypto Finance Technology Limited,HKG,,2024,2024,0001213900-24-088712,EX-21.1,1.0,companies\CLPS\exhibits\0001213900-24-088712\EX-21.1.htm
dc0b3d19-3ac5-5458-9445-a34e86cf1531,CLPS,1724542,Qinson Ltd.,VGB,,2024,2024,0001213900-24-088712,EX-21.1,1.0,companies\CLPS\exhibits\0001213900-24-088712\EX-21.1.htm
bd2d71a2-9d14-5661-8ab6-25af0745fe3d,CLPS,1724542,LQE Ltd.,VGB,,2024,2024,0001213900-24-088712,EX-21.1,1.0,companies\CLPS\exhibits\0001213900-24-088712\EX-21.1.htm
bdbe27a1-f05d-5b34-9a0f-9c12db8c4b19,CLPS,1724542,CLPS Technology (Philippines) Corp,PHL,,2024,2024,0001213900-24-088712,EX-21.1,1.0,companies\CLPS\exhibits\0001213900-24-088712\EX-21.1.htm
b2686610-0d9d-55fd-945d-7f8874af56f1,CLPS,1724542,MSCT Investment Holdings Limited,VGB,,2024,2024,0001213900-24-088712,EX-21.1,1.0,companies\CLPS\exhibits\0001213900-24-088712\EX-21.1.htm
99180c1d-eef4-5ed4-9722-5a4b1013183e,CLPS,1724542,MNYC HOLDINGS (HK) LIMITED,HKG,,2024,2024,0001213900-24-088712,EX-21.1,1.0,companies\CLPS\exhibits\0001213900-24-088712\EX-21.1.htm
d49d9a40-43b8-5a63-9cf7-88ddd96a7efc,CLPS,1724542,"Haikou Huaqin Minshang Software Development Co., Ltd",CHN,,2024,2024,0001213900-24-088712,EX-21.1,1.0,companies\CLPS\exhibits\0001213900-24-088712\EX-21.1.htm
95e63ef0-1699-56a0-be0e-b409a4d5a7e1,CLPS,1724542,"CLPS Chengdu Co., Ltd.",CHN,,2024,2024,0001213900-24-088712,EX-21.1,1.0,companies\CLPS\exhibits\0001213900-24-088712\EX-21.1.htm
f038f55b-fb86-5b72-abe7-77067c2aa6db,CLPS,1724542,CLPS Investment Management Ltd,VGB,,2024,2024,0001213900-24-088712,EX-21.1,1.0,companies\CLPS\exhibits\0001213900-24-088712\EX-21.1.htm
289126cd-3141-5bbf-9640-e445da6e9834,CLPS,1724542,Ridik Technology Canada Limited,CAN,,2024,2024,0001213900-24-088712,EX-21.1,1.0,companies\CLPS\exhibits\0001213900-24-088712\EX-21.1.htm
2e43687f-621b-501e-8037-1f525f16f845,CLPS,1724542,JAJI Global Incorporation,CYM,,2024,2024,0001213900-24-088712,EX-21.1,1.0,companies\CLPS\exhibits\0001213900-24-088712\EX-21.1.htm
db855ece-63fb-5d38-977e-ec294f8bf64d,CLPS,1724542,JAJI Singapore Pte. Ltd.,SGP,,2024,2024,0001213900-24-088712,EX-21.1,1.0,companies\CLPS\exhibits\0001213900-24-088712\EX-21.1.htm
7f47b2d5-3ac4-5afa-becf-6ccc7bec9f28,CLPS,1724542,Qinson Singapore Pte. Ltd,SGP,,2024,2024,0001213900-24-088712,EX-21.1,1.0,companies\CLPS\exhibits\0001213900-24-088712\EX-21.1.htm
478941ad-9e96-502b-b1f8-96ac7de99203,CLPS,1724542,Shanghai Yingjia Technology Limited,CHN,,2024,2024,0001213900-24-088712,EX-21.1,1.0,companies\CLPS\exhibits\0001213900-24-088712\EX-21.1.htm
9d9a4905-2e7b-5c8e-903d-6c3f48a33e6e,CLPS,1724542,College of Allied Educators Pte. Ltd,SGP,,2024,2024,0001213900-24-088712,EX-21.1,1.0,companies\CLPS\exhibits\0001213900-24-088712\EX-21.1.htm
fd75fc6c-6172-5a31-8d06-6e33b823951d,CLPS,1724542,Purple Potato Finance Limited,HKG,,2024,2024,0001213900-24-088712,EX-21.1,1.0,companies\CLPS\exhibits\0001213900-24-088712\EX-21.1.htm
6ec81ed6-ce0a-5333-b7df-9fb3b36f882b,CLPS,1724542,Shell Infotech Pte. Ltd,SGP,,2024,2024,0001213900-24-088712,EX-21.1,1.0,companies\CLPS\exhibits\0001213900-24-088712\EX-21.1.htm
8c2f687a-d7b5-57a9-89db-6fb1665e3b27,CLPS,1724542,Shell Infotech Consulting Sdn. Bhd,MYS,,2024,2024,0001213900-24-088712,EX-21.1,1.0,companies\CLPS\exhibits\0001213900-24-088712\EX-21.1.htm
de5a4bb2-51f8-570c-a153-780d7eb08331,CLPS,1724542,Ridik Technology Ltd,ARE,,2024,2024,0001213900-24-088712,EX-21.1,1.0,companies\CLPS\exhibits\0001213900-24-088712\EX-21.1.htm
be2dc6f2-7a9c-5da1-9197-a8af13286fb2,CLPS,1724542,"CLPS Ruicheng Co., Ltd.",CHN,,2023,2023,0001013762-23-004641,EX-21.1,1.0,companies\CLPS\exhibits\0001013762-23-004641\EX-21.1.htm
14dc98bf-d5ba-5e23-8808-f4590a82bed6,CLPS,1724542,"ChinaLink Professional Services Co., Ltd.",CHN,,2022,2022,0001213900-22-065082,EX-21.1,1.0,companies\CLPS\exhibits\0001213900-22-065082\EX-21.1.htm
f47ccc6d-5317-5d08-9979-bd306654570b,CLPS,1724542,CLPS-Ridik Technology (Australia) Pty. Ltd.,AUS,,2022,2022,0001213900-22-065082,EX-21.1,1.0,companies\CLPS\exhibits\0001213900-22-065082\EX-21.1.htm
ec7b4323-e1bc-51dd-8457-3934aa50a95f,CLPS,1724542,"Tianjin Huanyu Qinshang Network Technology Co., Ltd.",CHN,,2022,2022,0001213900-22-065082,EX-21.1,1.0,companies\CLPS\exhibits\0001213900-22-065082\EX-21.1.htm
f579773f-f0b0-5723-898a-74a8aea1a8f6,CLPS,1724542,"CareerWin Executive Search Co., Ltd.",CHN,,2022,2022,0001213900-22-065082,EX-21.1,1.0,companies\CLPS\exhibits\0001213900-22-065082\EX-21.1.htm
f5f1fc51-7bfb-5f95-86d6-86d2cfc73bc5,CLPS,1724542,"Beijing Bozhuo Education Technology Co., Ltd",CHN,,2021,2021,0001213900-21-052933,EX-21.1,1.0,companies\CLPS\exhibits\0001213900-21-052933\EX-21.1.htm
d873c444-7d45-57f2-b651-7ece9ec6bb7f,CLPS,1724542,CLIVST Ltd.,VGB,,2020,2020,0001213900-20-032817,EX-21.1,1.0,companies\CLPS\exhibits\0001213900-20-032817\EX-21.1.htm
a2865f2f-81f8-582c-bfa8-40f499cbb31b,CLPS,1724542,FDT-CL Financial Technology Services Limited,HKG,,2020,2020,0001213900-20-032817,EX-21.1,1.0,companies\CLPS\exhibits\0001213900-20-032817\EX-21.1.htm
30f0b9fd-1b24-5b9b-bae4-41e622920bd9,CLPS,1724542,"JQ Technology Co., Limited",HKG,,2020,2020,0001213900-20-032817,EX-21.1,1.0,companies\CLPS\exhibits\0001213900-20-032817\EX-21.1.htm
8bbc34bd-e7ce-5ca2-a81c-4890beac11dc,CLPS,1724542,JIALIN Technology Limited,TWN,,2020,2020,0001213900-20-032817,EX-21.1,1.0,companies\CLPS\exhibits\0001213900-20-032817\EX-21.1.htm
4c0db6ac-7a1d-5b8f-8454-a3e934ed27ed,CLPS,1724542,"Judge (Shanghai) Co., Ltd.",CHN,,2020,2020,0001213900-20-032817,EX-21.1,1.0,companies\CLPS\exhibits\0001213900-20-032817\EX-21.1.htm
295fd9cb-5436-57be-a068-c588fa9aeb3a,CLPS,1724542,"Judge (Shanghai) Human Resource Co., Ltd.",CHN,,2020,2020,0001213900-20-032817,EX-21.1,1.0,companies\CLPS\exhibits\0001213900-20-032817\EX-21.1.htm
2cb099f3-cec9-566c-947f-f9a202add497,CLPS,1724542,Infogain Solutions PTE. Ltd.,SGP,,2020,2020,0001213900-20-032817,EX-21.1,1.0,companies\CLPS\exhibits\0001213900-20-032817\EX-21.1.htm
52dc343e-5e2e-5c07-bef0-9a7d352728a4,CLPS,1724542,Ridik Software Solutions Ltd.,GBR,,2020,2020,0001213900-20-032817,EX-21.1,1.0,companies\CLPS\exhibits\0001213900-20-032817\EX-21.1.htm
b718d41d-0b83-59a5-ae15-4d6f77daac6d,CLPS,1724542,"Suzhou Ridik Information Technology Co., Ltd.",CHN,,2020,2020,0001213900-20-032817,EX-21.1,1.0,companies\CLPS\exhibits\0001213900-20-032817\EX-21.1.htm
5ebcde06-c6e8-562b-ad9b-65f46501dbda,ZCMD,1785566,Zhongchao Group Inc.,VGB,,2023,2023,0001213900-23-038650,EX-21.1,1.0,companies\ZCMD\exhibits\0001213900-23-038650\EX-21.1.htm
e7095748-230f-5019-b035-9383cc624a24,ZCMD,1785566,Zhongchao USA LLC,USA,,2023,2023,0001213900-23-038650,EX-21.1,1.0,companies\ZCMD\exhibits\0001213900-23-038650\EX-21.1.htm
4bae632b-8dde-553e-bacf-498893ea191c,ZCMD,1785566,Zhongchao Japan,JPN,,2023,2023,0001213900-23-038650,EX-21.1,1.0,companies\ZCMD\exhibits\0001213900-23-038650\EX-21.1.htm
b49135de-3eca-5329-9f2b-2de8b61ac1be,ZCMD,1785566,Zhongchao Group Limited,HKG,,2023,2023,0001213900-23-038650,EX-21.1,1.0,companies\ZCMD\exhibits\0001213900-23-038650\EX-21.1.htm
7e42db48-78e6-5d85-8cac-4d1ef1050fe8,ZCMD,1785566,Beijing Zhongchao Zhongxing Technology Limited,CHN,,2023,2023,0001213900-23-038650,EX-21.1,1.0,companies\ZCMD\exhibits\0001213900-23-038650\EX-21.1.htm
ab9acc57-4e15-5198-b0f6-0a747694d817,ZCMD,1785566,Name of the Variable Interest Entity,,,2022,2022,0001213900-22-024615,EX-21.1,1.0,companies\ZCMD\exhibits\0001213900-22-024615\EX-21.1.htm
df5264bc-d848-5bf6-a796-004ab3ae337e,ZCMD,1785566,Zhongchao Medical Technology (Shanghai) Corp.,CHN,,2022,2022,0001213900-22-024615,EX-21.1,1.0,companies\ZCMD\exhibits\0001213900-22-024615\EX-21.1.htm
bb67b600-933e-5e36-957d-0f1f4d581b87,ZCMD,1785566,Shanghai Maidemu Cultural Communication Corp.,CHN,,2022,2022,0001213900-22-024615,EX-21.1,1.0,companies\ZCMD\exhibits\0001213900-22-024615\EX-21.1.htm
e67af781-308a-56b9-997b-77945ece902a,ZCMD,1785566,"Shanghai Huijing Information Technology Co., Ltd.",CHN,,2022,2022,0001213900-22-024615,EX-21.1,1.0,companies\ZCMD\exhibits\0001213900-22-024615\EX-21.1.htm
cb22c2e8-8688-5715-be67-b7c04d2841a7,ZCMD,1785566,"Beijing Zhongchao Boya Medical Technology Co., Ltd.",CHN,,2022,2022,0001213900-22-024615,EX-21.1,1.0,companies\ZCMD\exhibits\0001213900-22-024615\EX-21.1.htm
8799a3f5-0beb-5e3e-882a-deb97a64fdc4,ZCMD,1785566,"Zhixun Internet Hospital (Liaoning) Co., Ltd.",CHN,,2022,2022,0001213900-22-024615,EX-21.1,1.0,companies\ZCMD\exhibits\0001213900-22-024615\EX-21.1.htm
5e2b11b8-0a2e-5a6f-bad0-633215486d6d,ZCMD,1785566,"Hainan Zhongteng Medical Technology Co., Ltd.",CHN,,2022,2022,0001213900-22-024615,EX-21.1,1.0,companies\ZCMD\exhibits\0001213900-22-024615\EX-21.1.htm
4d4c9bf4-d2aa-5139-9dab-0c3a6ecc3f73,ZCMD,1785566,"Shanghai Zhongxin Medical Technology Co., Ltd.",CHN,,2022,2022,0001213900-22-024615,EX-21.1,1.0,companies\ZCMD\exhibits\0001213900-22-024615\EX-21.1.htm
4b85f599-ade3-5dd0-b452-23c38b67f238,ZCMD,1785566,"Ningxia Zhongxin Internet Hospital Co., Ltd.",CHN,,2022,2022,0001213900-22-024615,EX-21.1,1.0,companies\ZCMD\exhibits\0001213900-22-024615\EX-21.1.htm
8dc42a21-e44c-56c3-99f4-50d2a4c51b91,ZCMD,1785566,"Hainan Muxin Medical Technology Co., Ltd.",CHN,,2022,2022,0001213900-22-024615,EX-21.1,1.0,companies\ZCMD\exhibits\0001213900-22-024615\EX-21.1.htm
74478dbd-c5ca-542f-847f-c94c7d8dac95,ZCMD,1785566,"Shanghai Xinyuan Human Resources Co., Ltd.",CHN,,2022,2022,0001213900-22-024615,EX-21.1,1.0,companies\ZCMD\exhibits\0001213900-22-024615\EX-21.1.htm
9eb12921-307d-5a24-9420-05afbb0fdf8f,RETO,1687277,REIT Holdings (China) Limited (“REIT Holdings”),HKG,100.0,2021,2021,0001213900-21-026496,EX-21.1,1.0,companies\RETO\exhibits\0001213900-21-026496\EX-21.1.htm
a9e5ac80-64d1-5e82-b948-96a9c22991d2,RETO,1687277,"Bejing REIT Technology Development Co., Ltd. (“Beijing REIT”)",CHN,100.0,2021,2021,0001213900-21-026496,EX-21.1,1.0,companies\RETO\exhibits\0001213900-21-026496\EX-21.1.htm
1797b078-7e39-5f47-9b0e-c647cf1e22c1,RETO,1687277,"Xinyi REIT Ecological Technology Co., Ltd. (“REIT Ecological”)",CHN,100.0,2021,2021,0001213900-21-026496,EX-21.1,1.0,companies\RETO\exhibits\0001213900-21-026496\EX-21.1.htm
ab61f6c2-e090-56fd-9a2d-33bf29d564b8,RETO,1687277,"Gu’an REIT Machinery Manufacturing Co., Ltd. (“Gu’an REIT”)",CHN,100.0,2021,2021,0001213900-21-026496,EX-21.1,1.0,companies\RETO\exhibits\0001213900-21-026496\EX-21.1.htm
98178c60-5c3f-5fb8-83af-cec17efce4b0,RETO,1687277,"Beijing REIT Ecological Engineering and Technology Co., Ltd. (“REIT Eco Engineering”)",CHN,100.0,2021,2021,0001213900-21-026496,EX-21.1,1.0,companies\RETO\exhibits\0001213900-21-026496\EX-21.1.htm
a1f74bfa-8436-52ea-afe9-46ce8e08c5e1,RETO,1687277,"Langfang Ruirong Mechanical and Electrical Equipment Co., Ltd.(“Ruirong”)",CHN,100.0,2021,2021,0001213900-21-026496,EX-21.1,1.0,companies\RETO\exhibits\0001213900-21-026496\EX-21.1.htm
dfecb1ab-d2b3-5a11-b30c-a09375364577,RETO,1687277,"Nanjing Dingxuan Environment Protection Technology Development Co., Ltd. (“Dingxuan”)",CHN,100.0,2021,2021,0001213900-21-026496,EX-21.1,1.0,companies\RETO\exhibits\0001213900-21-026496\EX-21.1.htm
3ae02729-e78f-504f-b505-f7ab60ad5585,RETO,1687277,"REIT Technology Development (America), Inc.",USA,100.0,2021,2021,0001213900-21-026496,EX-21.1,1.0,companies\RETO\exhibits\0001213900-21-026496\EX-21.1.htm
fea48230-2699-5bb0-9cd9-43a1c1b3256c,RETO,1687277,"REIT Mingsheng Environment Protection Construction Materials (Changjiang) Co., Ltd. (“REIT Changjiang”)",CHN,84.32,2021,2021,0001213900-21-026496,EX-21.1,1.0,companies\RETO\exhibits\0001213900-21-026496\EX-21.1.htm
cf735cc9-09a7-52c6-9a66-c0be7e254978,RETO,1687277,"Hainan REIT Construction Project Co., Ltd.",CHN,100.0,2021,2021,0001213900-21-026496,EX-21.1,1.0,companies\RETO\exhibits\0001213900-21-026496\EX-21.1.htm
30673ee3-4616-5abf-a290-d3e425cb2d67,RETO,1687277,"REIT Xinyi New Material Co., Ltd (“REIT Xinyi”)",IND,100.0,2021,2021,0001213900-21-026496,EX-21.1,1.0,companies\RETO\exhibits\0001213900-21-026496\EX-21.1.htm
2a7d3323-25fe-5097-bbda-c76fc85e67ba,RETO,1687277,REIT Q Green Machines Private Limited,IND,51.0,2021,2021,0001213900-21-026496,EX-21.1,1.0,companies\RETO\exhibits\0001213900-21-026496\EX-21.1.htm
a06c0824-c308-5ce3-ab00-3ce909d0da4e,RETO,1687277,"REIT Ecological Technology Co., Ltd. (“REIT Yancheng”)",CHN,100.0,2021,2021,0001213900-21-026496,EX-21.1,1.0,companies\RETO\exhibits\0001213900-21-026496\EX-21.1.htm
bf3a750e-710c-5b89-9df9-33bc0564fe23,RETO,1687277,"Datong Ruisheng Environment Protection Engineering Co., Ltd. (“Datong Ruisheng”)",CHN,100.0,2021,2021,0001213900-21-026496,EX-21.1,1.0,companies\RETO\exhibits\0001213900-21-026496\EX-21.1.htm
2c29d0f4-044b-5173-afae-cda22b7acae9,RETO,1687277,"Yunnan Litu Technology Development Co., Ltd. (“Yunnan Litu”)",CHN,55.0,2021,2021,0001213900-21-026496,EX-21.1,1.0,companies\RETO\exhibits\0001213900-21-026496\EX-21.1.htm
6e49dc88-a459-556b-b68e-ba98fb52ecbc,RETO,1687277,"Yangbi Litu Ecological Technology Co., Ltd. (“Yangbi Litu”)",CHN,55.0,2021,2021,0001213900-21-026496,EX-21.1,1.0,companies\RETO\exhibits\0001213900-21-026496\EX-21.1.htm
b8f72a48-f432-5440-9ed1-39405dd5bfeb,PETZ,1684425,TDH HK Limited,HKG,,2025,2025,0001213900-25-035775,EX-21.1,1.0,companies\PETZ\exhibits\0001213900-25-035775\EX-21.1.htm
63d0eea2-bee0-5a45-914b-8681991fac0b,PETZ,1684425,TDH Foods Limited,HKG,,2025,2025,0001213900-25-035775,EX-21.1,1.0,companies\PETZ\exhibits\0001213900-25-035775\EX-21.1.htm
f3a8d706-0bbc-56a8-a234-1b7eefd89ffd,PETZ,1684425,TDH Income Corporation,USA,,2025,2025,0001213900-25-035775,EX-21.1,1.0,companies\PETZ\exhibits\0001213900-25-035775\EX-21.1.htm
2a0c7fef-006f-591a-b6e8-8445a03a10f5,PETZ,1684425,Vigour Management Limited,VGB,,2025,2025,0001213900-25-035775,EX-21.1,1.0,companies\PETZ\exhibits\0001213900-25-035775\EX-21.1.htm
78ae316f-1282-588a-a02d-682f16eb4c01,PETZ,1684425,TDH Group BVBA,BEL,,2025,2025,0001213900-25-035775,EX-21.1,1.0,companies\PETZ\exhibits\0001213900-25-035775\EX-21.1.htm
31d486f0-7dfa-538c-abeb-a56af4b11629,PETZ,1684425,"Beijing Wenxin Company., Ltd.",CHN,,2025,2025,0001213900-25-035775,EX-21.1,1.0,companies\PETZ\exhibits\0001213900-25-035775\EX-21.1.htm
fa45bb1f-7d77-5783-afdb-f2b33c930c21,PETZ,1684425,"Qingdao Tiandihui Pet Foodstuffs Co., Ltd",CHN,,2025,2025,0001213900-25-035775,EX-21.1,1.0,companies\PETZ\exhibits\0001213900-25-035775\EX-21.1.htm
1c643b4e-25af-5218-9f30-0703ad8f1df1,PETZ,1684425,"Qingdao Tiandihui Foodstuffs Sales Co., Ltd",CHN,,2025,2025,0001213900-25-035775,EX-21.1,1.0,companies\PETZ\exhibits\0001213900-25-035775\EX-21.1.htm
250942fd-70ca-508e-a9c2-a44473c9efab,PETZ,1684425,Ruby21Noland LLC,USA,,2025,2025,0001213900-25-035775,EX-21.1,1.0,companies\PETZ\exhibits\0001213900-25-035775\EX-21.1.htm
015e4a83-8c60-50d8-8918-a2e8b8573e3c,PETZ,1684425,Hardees2470 LLC,USA,,2025,2025,0001213900-25-035775,EX-21.1,1.0,companies\PETZ\exhibits\0001213900-25-035775\EX-21.1.htm
05988496-af8f-5982-8cfd-edcdfc6b37f1,PETZ,1684425,"Qingdao Chihong Information Consulting Co., Ltd.",CHN,,2025,2025,0001213900-25-035775,EX-21.1,1.0,companies\PETZ\exhibits\0001213900-25-035775\EX-21.1.htm
f17353f9-c495-5eeb-901f-90986b58b52b,PETZ,1684425,"Beijing Jingshi Commercial Management Co., Ltd.",CHN,,2025,2025,0001213900-25-035775,EX-21.1,1.0,companies\PETZ\exhibits\0001213900-25-035775\EX-21.1.htm
6cc8cfb5-0abe-5261-9616-0ffde67b6fd9,PETZ,1684425,Hengzhuo Investment Limited,HKG,,2025,2025,0001213900-25-035775,EX-21.1,1.0,companies\PETZ\exhibits\0001213900-25-035775\EX-21.1.htm
d0f3bcba-2fe0-5755-8091-685f287d6ec6,PETZ,1684425,"Beijing Ruihe Commercial Management Co., Ltd.",CHN,,2025,2025,0001213900-25-035775,EX-21.1,1.0,companies\PETZ\exhibits\0001213900-25-035775\EX-21.1.htm
cf345c62-43ad-5e07-8044-347f3b01c161,PETZ,1684425,"Beijing Ruihe Space Commercial Management Co., Ltd",CHN,,2025,2025,0001213900-25-035775,EX-21.1,1.0,companies\PETZ\exhibits\0001213900-25-035775\EX-21.1.htm
5159cfa7-7a2a-57cb-b349-248e1f9967cf,PETZ,1684425,"Beijing Ruihe Space Commercial Management Co., Ltd.",CHN,,2025,2025,0001213900-25-035775,EX-21.1,1.0,companies\PETZ\exhibits\0001213900-25-035775\EX-21.1.htm
6fde0492-8bc4-5ea7-a068-6bef740ad96b,PETZ,1684425,Far Ling’s Inc.,USA,,2024,2024,0001213900-24-037206,EX-21.1,1.0,companies\PETZ\exhibits\0001213900-24-037206\EX-21.1.htm
610144bc-f3bd-5285-ab7b-4d1b6562927b,PETZ,1684425,"Bo Ling’s Chinese Restaurnat, Inc.",USA,,2024,2024,0001213900-24-037206,EX-21.1,1.0,companies\PETZ\exhibits\0001213900-24-037206\EX-21.1.htm
5ecb4f0d-0ec4-5c65-9d38-d9015f2e1627,PETZ,1684425,"Qingdao Tiandihui Foodstuffs Co., Ltd.",CHN,,2023,2023,0001213900-23-032571,EX-21.1,1.0,companies\PETZ\exhibits\0001213900-23-032571\EX-21.1.htm
84f7d3e5-60cd-5656-ab25-a427ebae9186,PETZ,1684425,"Beijing Chongai Jiujui Cultural Communication Co., Ltd.",CHN,,2023,2023,0001213900-23-032571,EX-21.1,1.0,companies\PETZ\exhibits\0001213900-23-032571\EX-21.1.htm
e054f777-1724-55f3-b4f5-824887b96042,LOBO,1932072,LOBO Holdings Ltd.,HKG,,2025,2025,0001641172-25-006462,EX-21.1,1.0,companies\LOBO\exhibits\0001641172-25-006462\EX-21.1.htm
8ce880ac-de55-5c9b-b227-a74833a93385,LOBO,1932072,"Jiangsu LOBO Electronic Vehicle Co., Ltd",CHN,,2025,2025,0001641172-25-006462,EX-21.1,1.0,companies\LOBO\exhibits\0001641172-25-006462\EX-21.1.htm
70719132-d3d4-5e20-b1a7-03ac6e1d98d2,LOBO,1932072,"Beijing LOBO Intelligent Machine Co., Ltd",CHN,,2025,2025,0001641172-25-006462,EX-21.1,1.0,companies\LOBO\exhibits\0001641172-25-006462\EX-21.1.htm
4aade7f5-91af-5708-9ece-971b2d4028df,LOBO,1932072,"Tianjin LOBO Intelligent Robot Co., Ltd",CHN,,2025,2025,0001641172-25-006462,EX-21.1,1.0,companies\LOBO\exhibits\0001641172-25-006462\EX-21.1.htm
8c4a35a1-88ef-5d2d-b69a-467e3e90583a,LOBO,1932072,"Tianjin Bibosch Intelligent Technology Co., Ltd",CHN,,2025,2025,0001641172-25-006462,EX-21.1,1.0,companies\LOBO\exhibits\0001641172-25-006462\EX-21.1.htm
737495d5-ae65-5bc7-af56-c3ec106d9837,LOBO,1932072,"Wuxi Jinbang Electric Vehicle Manufacturing Co., Ltd",CHN,,2024,2024,0001493152-24-017222,EX-21.1,1.0,companies\LOBO\exhibits\0001493152-24-017222\EX-21.1.htm
f59a683c-df7a-5e64-95f4-ce77ebfe77c0,LOBO,1932072,Guangzhou LOBO Intelligent Technologies Co. Ltd,CHN,,2024,2024,0001493152-24-017222,EX-21.1,1.0,companies\LOBO\exhibits\0001493152-24-017222\EX-21.1.htm
d5ce3cad-8575-5eb9-b620-68ce52ff0fc4,BON,1816815,,,100.0,2022,2022,0001493152-22-002688,EX-21.1,1.0,companies\BON\exhibits\0001493152-22-002688\EX-21.1.htm
079547b8-c7ba-5c98-b15e-e07db8aad52a,IFBD,1815566,Inforbird Technologies Limited,HKG,,2025,2025,0001731122-25-000559,EX-21.1,1.0,companies\IFBD\exhibits\0001731122-25-000559\EX-21.1.htm
a25ca2ae-60e5-5ed7-b237-68e050e0cd34,IFBD,1815566,Lightyear Technology Pte. Ltd,SGP,,2025,2025,0001731122-25-000559,EX-21.1,1.0,companies\IFBD\exhibits\0001731122-25-000559\EX-21.1.htm
b73dc2b1-10a8-5908-bbaa-37bb3d2bb232,IFBD,1815566,"Guangnian Zhiyuan (Beijing) Technology Co., Ltd",CHN,,2025,2025,0001731122-25-000559,EX-21.1,1.0,companies\IFBD\exhibits\0001731122-25-000559\EX-21.1.htm
b4ef2be1-e800-54b0-bc49-1dc3717c3a07,IFBD,1815566,"Beijing Suowangda Technology Development Co., Ltd",CHN,,2025,2025,0001731122-25-000559,EX-21.1,1.0,companies\IFBD\exhibits\0001731122-25-000559\EX-21.1.htm
b7a9b4eb-18a4-5af9-9d55-be3b8b2d4c09,IFBD,1815566,Pure Tech Global Limited,CHN,,2025,2025,0001731122-25-000559,EX-21.1,1.0,companies\IFBD\exhibits\0001731122-25-000559\EX-21.1.htm
640a686a-0258-5241-96e0-14ae7c132695,IFBD,1815566,Pure Media Limited,HKG,,2025,2025,0001731122-25-000559,EX-21.1,1.0,companies\IFBD\exhibits\0001731122-25-000559\EX-21.1.htm
a4892fff-ce94-5d12-9365-06f9048a1f0d,IFBD,1815566,"Pinmu Century (Beijing) Marketing Technology Co., Ltd",CHN,,2025,2025,0001731122-25-000559,EX-21.1,1.0,companies\IFBD\exhibits\0001731122-25-000559\EX-21.1.htm
627e9f66-aa51-51d5-a6ac-d62efcae0667,IFBD,1815566,Zhenxi Brand Marketing Consulting (Shanghai) Centre,CHN,,2025,2025,0001731122-25-000559,EX-21.1,1.0,companies\IFBD\exhibits\0001731122-25-000559\EX-21.1.htm
6f49fafd-71a2-59dd-8623-768ff8e78759,XTKG,1754323,Powerbridge Holdings Limited,HKG,,2023,2023,0001213900-23-033931,EX-21.1,1.0,companies\XTKG\exhibits\0001213900-23-033931\EX-21.1.htm
1d54496d-c937-517a-9b32-b08b51fa5580,XTKG,1754323,DTI Group Limited,HKG,,2023,2023,0001213900-23-033931,EX-21.1,1.0,companies\XTKG\exhibits\0001213900-23-033931\EX-21.1.htm
c79e0e18-9c36-53fc-a61f-511f074b9ae9,XTKG,1754323,"Hong Kong Anxin Jieda Co., Ltd.",HKG,,2023,2023,0001213900-23-033931,EX-21.1,1.0,companies\XTKG\exhibits\0001213900-23-033931\EX-21.1.htm
8d5d52d4-94d1-59c1-b240-8c80d4f6bdc1,XTKG,1754323,"Hongding Technology Co., Limited",HKG,,2023,2023,0001213900-23-033931,EX-21.1,1.0,companies\XTKG\exhibits\0001213900-23-033931\EX-21.1.htm
6f6e8735-7772-51a0-80af-ddc94b4c20cc,XTKG,1754323,"SmartConn Co., Limited",HKG,,2023,2023,0001213900-23-033931,EX-21.1,1.0,companies\XTKG\exhibits\0001213900-23-033931\EX-21.1.htm
37bd8dc1-63a5-5315-a193-cb9e715eaf82,XTKG,1754323,"Hongxi Data Technology Co., Ltd.",MAC,,2023,2023,0001213900-23-033931,EX-21.1,1.0,companies\XTKG\exhibits\0001213900-23-033931\EX-21.1.htm
343d0036-05f1-51c0-9b41-a70aa43a1d18,XTKG,1754323,Powercrypto USA Inc.,USA,,2023,2023,0001213900-23-033931,EX-21.1,1.0,companies\XTKG\exhibits\0001213900-23-033931\EX-21.1.htm
1dcb2859-351b-5c29-9ba3-eb68c452dc0c,XTKG,1754323,Boxinrui International Holdings Limited,VGB,,2023,2023,0001213900-23-033931,EX-21.1,1.0,companies\XTKG\exhibits\0001213900-23-033931\EX-21.1.htm
1e73335b-2660-5d09-ad94-0cab54e18492,XTKG,1754323,"Powercrypto Holdings Pte, Ltd.",SGP,,2023,2023,0001213900-23-033931,EX-21.1,1.0,companies\XTKG\exhibits\0001213900-23-033931\EX-21.1.htm
ff847af0-f975-5f1c-a5cd-048e4d199498,XTKG,1754323,DTI Jiangsu Corporation Limited,CHN,,2023,2023,0001213900-23-033931,EX-21.1,1.0,companies\XTKG\exhibits\0001213900-23-033931\EX-21.1.htm
87e36033-4590-5db8-93e2-2048f0e07a8b,XTKG,1754323,"Jumuqi (Beijing) Culture Communication Co., Ltd.",CHN,,2023,2023,0001213900-23-033931,EX-21.1,1.0,companies\XTKG\exhibits\0001213900-23-033931\EX-21.1.htm
2003ec4b-1245-5c94-ac01-e97e895d04d5,XTKG,1754323,"Jumuqi (Beijing) Technology Development Co., Ltd.",CHN,,2023,2023,0001213900-23-033931,EX-21.1,1.0,companies\XTKG\exhibits\0001213900-23-033931\EX-21.1.htm
23376604-3c80-5a3e-b5e2-13399822dd7c,XTKG,1754323,"Leiben Intelligent Security System (Shanghai) Co., Ltd.",CHN,,2023,2023,0001213900-23-033931,EX-21.1,1.0,companies\XTKG\exhibits\0001213900-23-033931\EX-21.1.htm
40bc90d1-73e2-5c4b-a55d-4b3783ba5773,XTKG,1754323,"Metafusion Digital Co., Ltd.",CHN,,2023,2023,0001213900-23-033931,EX-21.1,1.0,companies\XTKG\exhibits\0001213900-23-033931\EX-21.1.htm
d97e4b66-83e7-5e67-86ff-ae295a6ab157,XTKG,1754323,"Ningbo Zhijing Tongfu Technology Co., Ltd.",CHN,,2023,2023,0001213900-23-033931,EX-21.1,1.0,companies\XTKG\exhibits\0001213900-23-033931\EX-21.1.htm
0d5c5eb9-ffeb-5d8d-affb-b70748551959,XTKG,1754323,"Powerbridge Technologies Group Co., Ltd",CHN,,2023,2023,0001213900-23-033931,EX-21.1,1.0,companies\XTKG\exhibits\0001213900-23-033931\EX-21.1.htm
63b3b648-4de4-5252-a002-10520cb178e2,XTKG,1754323,"Powermeta Digital Co., Ltd.",CHN,,2023,2023,0001213900-23-033931,EX-21.1,1.0,companies\XTKG\exhibits\0001213900-23-033931\EX-21.1.htm
2f9c5ab5-cb7a-5bb8-9a69-a020ea223819,XTKG,1754323,"Powerstream Capital Co., Ltd.",CHN,,2023,2023,0001213900-23-033931,EX-21.1,1.0,companies\XTKG\exhibits\0001213900-23-033931\EX-21.1.htm
db6e7ccf-08b1-58d4-8a37-9c21e23bf9ae,XTKG,1754323,"Powerstream Supply Chain Co., Ltd.",CHN,,2023,2023,0001213900-23-033931,EX-21.1,1.0,companies\XTKG\exhibits\0001213900-23-033931\EX-21.1.htm
0d82095f-06e6-5735-ab31-4f0e51b06091,XTKG,1754323,"Shanghai Stamp Technology Co., Ltd.",CHN,,2023,2023,0001213900-23-033931,EX-21.1,1.0,companies\XTKG\exhibits\0001213900-23-033931\EX-21.1.htm
6c67ad4b-4f88-5778-a38b-c77907711725,XTKG,1754323,"Shenzhen Hongding Interconnect Technology Co., Ltd.",CHN,,2023,2023,0001213900-23-033931,EX-21.1,1.0,companies\XTKG\exhibits\0001213900-23-033931\EX-21.1.htm
96160733-fddd-504c-ab5f-a59814d007fb,XTKG,1754323,"Shenzhen Honghao Internet Technology Co., Ltd.",CHN,,2023,2023,0001213900-23-033931,EX-21.1,1.0,companies\XTKG\exhibits\0001213900-23-033931\EX-21.1.htm
0a83460c-c275-53de-8dcb-c8b5c047fe07,XTKG,1754323,"Ascendent Insights Education Co., Ltd.",CHN,,2023,2023,0001213900-23-033931,EX-21.1,1.0,companies\XTKG\exhibits\0001213900-23-033931\EX-21.1.htm
c4168a0e-80db-5bec-bcd6-92583535db98,XTKG,1754323,"Wuhan Honggang Technology Co., Ltd.",CHN,,2023,2023,0001213900-23-033931,EX-21.1,1.0,companies\XTKG\exhibits\0001213900-23-033931\EX-21.1.htm
67c9c52c-81ec-52ef-ba71-8e2bb7e0332b,XTKG,1754323,"Zhuhai Hongyang Supply Chain Co., Ltd.",CHN,,2023,2023,0001213900-23-033931,EX-21.1,1.0,companies\XTKG\exhibits\0001213900-23-033931\EX-21.1.htm
6315cc85-d05b-5018-8223-f4daa33c75f0,XTKG,1754323,"Chongqing Hongqiao Zhixin Technology Co., Ltd.",CHN,,2023,2023,0001213900-23-033931,EX-21.1,1.0,companies\XTKG\exhibits\0001213900-23-033931\EX-21.1.htm
1502e14d-0771-5916-8a95-57e786afc47f,XTKG,1754323,"Hunan Powerverse Digital Co., Ltd.",CHN,,2023,2023,0001213900-23-033931,EX-21.1,1.0,companies\XTKG\exhibits\0001213900-23-033931\EX-21.1.htm
ad38ce16-18e3-5a18-a6ca-299951111797,XTKG,1754323,"Xingtai Ningyao Technology Co., Ltd.",CHN,,2023,2023,0001213900-23-033931,EX-21.1,1.0,companies\XTKG\exhibits\0001213900-23-033931\EX-21.1.htm
de26a32b-3065-5e0c-8421-12dfa1215306,XTKG,1754323,"Powerbridge Technologies Hong Kong Co., Limited",HKG,,2022,2022,0001213900-22-025838,EX-21.1,1.0,companies\XTKG\exhibits\0001213900-22-025838\EX-21.1.htm
e10c3891-9df5-5c81-a2d8-941f7fa75911,XTKG,1754323,"POWERCRYPTO HOLDINGS PTE, LTD.",SGP,,2022,2022,0001213900-22-025838,EX-21.1,1.0,companies\XTKG\exhibits\0001213900-22-025838\EX-21.1.htm
7713becd-a487-5097-a86d-151a7118a567,XTKG,1754323,"Zhuhai Powerbridge Technologies Co., Ltd",CHN,,2022,2022,0001213900-22-025838,EX-21.1,1.0,companies\XTKG\exhibits\0001213900-22-025838\EX-21.1.htm
fdd2b45f-ae62-593b-9576-38775a5fc901,XTKG,1754323,"Shenzhen Hongding Internet Technology Co., Ltd.",CHN,,2022,2022,0001213900-22-025838,EX-21.1,1.0,companies\XTKG\exhibits\0001213900-22-025838\EX-21.1.htm
79179e42-48db-546c-b1eb-5c0ab43f35e2,XTKG,1754323,"Hunan Xinfei Digital Technology Co., Ltd.",CHN,,2022,2022,0001213900-22-025838,EX-21.1,1.0,companies\XTKG\exhibits\0001213900-22-025838\EX-21.1.htm
f158df13-edae-5983-a964-9a1df178661a,XTKG,1754323,"Zhanjiang Hongqin Technology Co., Ltd.",CHN,,2022,2022,0001213900-22-025838,EX-21.1,1.0,companies\XTKG\exhibits\0001213900-22-025838\EX-21.1.htm
d38356c7-2de2-564e-933a-2a42058189f5,XTKG,1754323,"Ningbo Zhijing Tong Service Technology Co., Ltd.",CHN,,2022,2022,0001213900-22-025838,EX-21.1,1.0,companies\XTKG\exhibits\0001213900-22-025838\EX-21.1.htm
52e709fe-2ed6-5e6d-93e2-4b399dccd9e6,XTKG,1754323,"Chongqing Powerbridge Zhixin Technology Co., Ltd.",CHN,,2022,2022,0001213900-22-025838,EX-21.1,1.0,companies\XTKG\exhibits\0001213900-22-025838\EX-21.1.htm
266137ae-5ea8-5770-946b-d53a7990acc0,XTKG,1754323,"Shantou Hongrui Information Technology Co., Ltd.",CHN,,2022,2022,0001213900-22-025838,EX-21.1,1.0,companies\XTKG\exhibits\0001213900-22-025838\EX-21.1.htm
38e45676-bad7-5814-b2ee-2736c60df228,XTKG,1754323,"Powerbridge Technologies Co., Limited",HKG,,2021,2021,0001213900-21-036692,EX-21.1,1.0,companies\XTKG\exhibits\0001213900-21-036692\EX-21.1.htm
b410d966-e093-54cc-8f36-0c177ccfb323,XTKG,1754323,"Ningbo Powerbridge Pet Products Cross- border E-Commerce Servise Co., Ltd.",CHN,,2021,2021,0001213900-21-036692,EX-21.1,1.0,companies\XTKG\exhibits\0001213900-21-036692\EX-21.1.htm
9e8b606a-3463-5e33-b0d4-cb2e72fa267a,XTKG,1754323,"Chongqnig Hongqiao Zhixin Technology Co., Ltd.",CHN,,2021,2021,0001213900-21-036692,EX-21.1,1.0,companies\XTKG\exhibits\0001213900-21-036692\EX-21.1.htm
fb1f0fc4-3d00-5a1b-b376-9d1e7aeeda8c,XTKG,1754323,"Hongding Technology Hong Kong Co., Limited",HKG,,2021,2021,0001213900-21-036692,EX-21.1,1.0,companies\XTKG\exhibits\0001213900-21-036692\EX-21.1.htm
0a696e20-6088-5d4a-b087-dfece9648f52,XTKG,1754323,"Shenzhen Hongding Hulian Technologies Co., Ltd.",CHN,,2021,2021,0001213900-21-036692,EX-21.1,1.0,companies\XTKG\exhibits\0001213900-21-036692\EX-21.1.htm
